order_id,order_item_id,product_id,seller_id,price,freight_value
O00000,1,P00112,S00076,24.25,11.19
O00001,1,P00062,S00031,188.15,5.51
O00002,1,P00110,S00060,27.78,34.01
O00003,1,P00147,S00038,51.86,42.03
O00004,1,P00076,S00009,41.6,43.82
O00004,2,P00048,S00057,25.57,19.93
O00005,1,P00120,S00057,258.74,30.64
O00006,1,P00072,S00030,81.37,21.35
O00007,1,P00067,S00030,151.83,41.86
O00008,1,P00140,S00045,40.84,27.62
O00009,1,P00055,S00073,40.7,22.45
O00010,1,P00058,S00060,184.49,41.52
O00011,1,P00029,S00053,69.37,25.38
O00011,2,P00113,S00008,113.28,24.54
O00012,1,P00006,S00006,70.04,32.86
O00013,1,P00108,S00032,29.88,42.06
O00014,1,P00066,S00065,59.12,14.69
O00014,2,P00097,S00047,72.14,6.38
O00015,1,P00136,S00038,18.01,30.24
O00015,2,P00107,S00034,40.71,32.06
O00016,1,P00059,S00049,241.95,30.81
O00017,1,P00132,S00066,26.54,23.22
O00018,1,P00024,S00028,31.1,15.17
O00019,1,P00048,S00064,69.0,43.07
O00020,1,P00052,S00069,38.3,5.49
O00020,2,P00082,S00038,95.64,35.84
O00021,1,P00039,S00033,41.76,41.68
O00022,1,P00036,S00053,103.6,28.45
O00023,1,P00061,S00076,54.51,25.74
O00023,2,P00105,S00050,150.25,12.55
O00024,1,P00040,S00000,91.77,38.19
O00025,1,P00041,S00055,59.86,17.09
O00026,1,P00119,S00010,35.62,31.34
O00026,2,P00044,S00042,47.71,20.31
O00026,3,P00049,S00036,174.0,17.32
O00027,1,P00097,S00031,56.01,40.06
O00028,1,P00033,S00057,63.27,8.55
O00028,2,P00116,S00046,133.61,30.45
O00029,1,P00108,S00034,52.88,18.78
O00029,2,P00106,S00035,36.52,10.71
O00030,1,P00099,S00039,60.25,42.2
O00030,2,P00136,S00039,167.2,20.92
O00031,1,P00063,S00001,20.4,44.48
O00032,1,P00009,S00037,73.26,5.06
O00032,2,P00068,S00070,97.19,7.79
O00033,1,P00137,S00036,37.69,26.0
O00034,1,P00119,S00075,19.48,34.32
O00035,1,P00022,S00038,58.36,19.99
O00036,1,P00135,S00014,28.0,12.92
O00036,2,P00084,S00035,28.54,12.28
O00037,1,P00070,S00067,146.25,23.03
O00037,2,P00048,S00005,47.61,37.57
O00038,1,P00004,S00011,46.38,7.36
O00039,1,P00036,S00045,126.01,35.37
O00040,1,P00087,S00070,158.47,41.09
O00041,1,P00107,S00077,15.95,30.07
O00042,1,P00003,S00036,82.33,39.73
O00043,1,P00078,S00008,41.46,16.73
O00044,1,P00133,S00058,38.24,16.07
O00045,1,P00038,S00055,24.93,28.43
O00046,1,P00046,S00012,22.03,31.91
O00047,1,P00037,S00059,110.98,7.44
O00048,1,P00142,S00046,189.27,5.29
O00048,2,P00132,S00042,197.91,28.3
O00049,1,P00125,S00018,21.22,8.87
O00049,2,P00096,S00017,21.04,25.89
O00049,3,P00030,S00069,17.39,5.29
O00050,1,P00054,S00031,227.49,44.48
O00051,1,P00005,S00041,65.39,42.29
O00051,2,P00001,S00039,52.41,23.93
O00052,1,P00070,S00062,58.08,22.18
O00053,1,P00021,S00042,69.18,40.61
O00054,1,P00141,S00043,125.42,37.67
O00054,2,P00070,S00042,67.66,42.64
O00054,3,P00107,S00032,60.54,31.6
O00055,1,P00109,S00055,61.72,7.29
O00056,1,P00081,S00010,34.96,18.21
O00057,1,P00042,S00072,38.88,23.28
O00058,1,P00015,S00055,33.37,34.01
O00059,1,P00120,S00012,48.55,10.55
O00059,2,P00038,S00073,123.08,29.08
O00060,1,P00040,S00029,45.69,16.18
O00060,2,P00087,S00061,123.34,32.97
O00061,1,P00103,S00061,56.76,19.74
O00061,2,P00095,S00034,38.32,29.73
O00062,1,P00108,S00020,59.61,24.01
O00063,1,P00148,S00039,45.8,12.52
O00064,1,P00117,S00036,82.18,43.3
O00064,2,P00021,S00018,35.34,37.5
O00064,3,P00034,S00069,415.79,5.67
O00065,1,P00062,S00028,37.58,6.83
O00066,1,P00079,S00018,79.02,18.02
O00066,2,P00095,S00017,27.14,22.77
O00067,1,P00095,S00006,86.69,21.01
O00068,1,P00019,S00039,22.65,8.25
O00069,1,P00024,S00077,114.97,42.26
O00070,1,P00148,S00026,89.04,44.47
O00070,2,P00143,S00061,97.52,39.28
O00071,1,P00020,S00043,61.41,34.37
O00071,2,P00063,S00016,67.05,16.75
O00072,1,P00089,S00003,54.03,10.73
O00073,1,P00147,S00041,76.33,27.88
O00074,1,P00033,S00049,104.23,25.19
O00074,2,P00059,S00057,20.25,10.11
O00075,1,P00068,S00071,74.7,17.05
O00075,2,P00033,S00031,111.95,31.92
O00076,1,P00070,S00026,52.02,39.99
O00077,1,P00005,S00008,20.83,22.85
O00078,1,P00146,S00002,103.38,31.51
O00079,1,P00117,S00064,93.18,13.47
O00080,1,P00135,S00054,92.61,31.39
O00080,2,P00021,S00009,33.9,8.58
O00081,1,P00143,S00040,91.92,33.63
O00082,1,P00048,S00062,59.53,42.16
O00083,1,P00138,S00003,50.25,35.65
O00083,2,P00054,S00049,12.28,13.82
O00084,1,P00048,S00063,65.18,24.05
O00085,1,P00037,S00028,102.13,9.92
O00085,2,P00116,S00064,75.99,10.43
O00086,1,P00016,S00062,54.45,34.02
O00087,1,P00013,S00073,178.94,32.67
O00088,1,P00030,S00073,93.36,42.27
O00088,2,P00079,S00058,215.46,35.65
O00089,1,P00070,S00043,82.96,30.76
O00090,1,P00041,S00009,76.94,33.7
O00091,1,P00097,S00044,27.25,20.27
O00091,2,P00106,S00042,73.1,30.68
O00092,1,P00047,S00034,113.95,39.25
O00093,1,P00109,S00003,226.71,13.94
O00093,2,P00008,S00054,145.41,9.63
O00094,1,P00084,S00077,56.18,8.57
O00095,1,P00099,S00025,58.65,42.49
O00095,2,P00100,S00049,15.4,34.78
O00096,1,P00087,S00025,78.47,19.71
O00097,1,P00107,S00024,16.32,43.16
O00097,2,P00149,S00023,110.38,28.08
O00098,1,P00028,S00060,110.45,7.48
O00099,1,P00042,S00042,19.85,38.88
O00100,1,P00121,S00029,39.83,17.79
O00100,2,P00073,S00058,13.37,19.6
O00100,3,P00031,S00027,61.26,32.17
O00101,1,P00005,S00035,224.06,25.79
O00101,2,P00102,S00045,61.81,29.06
O00102,1,P00117,S00038,45.71,20.81
O00103,1,P00098,S00019,65.66,23.42
O00104,1,P00100,S00009,97.6,42.72
O00105,1,P00050,S00066,44.82,24.99
O00105,2,P00100,S00052,25.91,23.23
O00106,1,P00051,S00078,65.32,10.83
O00107,1,P00097,S00031,132.23,37.05
O00108,1,P00137,S00062,144.95,28.96
O00108,2,P00008,S00030,77.01,17.36
O00109,1,P00143,S00063,137.33,9.94
O00109,2,P00075,S00077,167.41,44.87
O00109,3,P00051,S00068,163.39,33.26
O00110,1,P00046,S00065,24.94,38.15
O00111,1,P00013,S00057,138.38,33.17
O00112,1,P00078,S00072,45.16,44.25
O00113,1,P00105,S00023,38.9,38.12
O00114,1,P00047,S00076,55.37,34.31
O00115,1,P00101,S00000,93.61,33.02
O00115,2,P00099,S00049,60.91,7.1
O00116,1,P00016,S00068,34.72,12.16
O00116,2,P00054,S00003,105.61,24.5
O00117,1,P00129,S00070,117.44,44.38
O00118,1,P00094,S00067,54.49,38.94
O00119,1,P00094,S00051,90.91,26.92
O00119,2,P00139,S00010,28.79,18.5
O00119,3,P00061,S00051,104.31,32.12
O00120,1,P00021,S00004,11.74,35.31
O00120,2,P00111,S00050,33.0,20.64
O00120,3,P00031,S00064,45.63,26.11
O00121,1,P00125,S00078,61.45,32.86
O00122,1,P00001,S00011,182.34,39.25
O00123,1,P00130,S00022,81.29,10.24
O00124,1,P00075,S00067,51.1,28.22
O00124,2,P00030,S00074,60.63,37.2
O00125,1,P00146,S00050,27.82,33.38
O00125,2,P00004,S00074,153.29,23.3
O00126,1,P00047,S00059,37.53,10.5
O00127,1,P00034,S00027,90.53,16.64
O00128,1,P00118,S00078,117.95,13.73
O00129,1,P00101,S00018,31.16,34.41
O00129,2,P00026,S00007,49.71,5.37
O00130,1,P00040,S00014,19.99,28.03
O00130,2,P00127,S00010,32.64,32.13
O00131,1,P00000,S00064,128.42,10.9
O00131,2,P00012,S00014,69.71,43.02
O00131,3,P00139,S00034,84.05,22.08
O00132,1,P00028,S00043,121.4,42.04
O00132,2,P00075,S00010,99.59,8.84
O00133,1,P00023,S00029,192.89,12.19
O00133,2,P00030,S00042,54.4,7.1
O00133,3,P00080,S00066,17.26,44.21
O00134,1,P00118,S00076,43.19,28.74
O00135,1,P00119,S00079,33.18,30.08
O00135,2,P00108,S00024,66.77,21.16
O00135,3,P00019,S00038,70.35,6.36
O00136,1,P00059,S00037,93.17,24.55
O00137,1,P00022,S00023,37.58,43.18
O00138,1,P00076,S00048,157.89,20.01
O00139,1,P00091,S00058,51.63,36.81
O00140,1,P00114,S00061,89.0,36.11
O00141,1,P00113,S00046,113.05,31.01
O00141,2,P00131,S00028,26.3,16.01
O00142,1,P00082,S00047,38.86,19.69
O00143,1,P00002,S00000,37.36,8.31
O00144,1,P00087,S00067,89.42,31.75
O00145,1,P00043,S00003,49.95,5.92
O00146,1,P00111,S00067,58.53,27.91
O00147,1,P00021,S00071,109.07,34.81
O00148,1,P00008,S00058,73.12,12.24
O00148,2,P00020,S00053,15.72,24.37
O00149,1,P00004,S00070,61.45,22.35
O00150,1,P00009,S00059,23.37,8.98
O00151,1,P00063,S00015,80.44,41.36
O00152,1,P00104,S00054,20.18,12.4
O00152,2,P00147,S00005,64.66,37.51
O00153,1,P00066,S00078,81.33,27.24
O00154,1,P00136,S00040,102.86,37.49
O00155,1,P00101,S00069,25.93,25.76
O00156,1,P00039,S00061,63.86,33.55
O00157,1,P00147,S00068,60.89,9.96
O00157,2,P00015,S00050,95.2,35.12
O00158,1,P00053,S00027,35.4,40.9
O00158,2,P00041,S00070,70.45,12.23
O00158,3,P00146,S00030,51.84,28.96
O00159,1,P00079,S00040,43.92,27.19
O00160,1,P00132,S00019,80.53,9.92
O00160,2,P00107,S00047,53.22,10.15
O00161,1,P00091,S00056,68.15,11.45
O00162,1,P00097,S00018,47.27,39.06
O00163,1,P00006,S00058,108.75,44.2
O00164,1,P00110,S00011,87.03,19.54
O00165,1,P00016,S00069,135.27,21.92
O00166,1,P00083,S00054,100.61,5.0
O00166,2,P00026,S00035,70.25,17.02
O00167,1,P00004,S00004,78.87,25.78
O00167,2,P00070,S00062,56.2,36.31
O00168,1,P00071,S00076,39.91,22.8
O00169,1,P00025,S00018,43.76,32.8
O00170,1,P00046,S00051,22.45,44.44
O00171,1,P00056,S00065,66.48,26.53
O00172,1,P00043,S00040,66.39,8.96
O00173,1,P00136,S00064,108.81,14.48
O00173,2,P00061,S00019,84.27,12.52
O00174,1,P00021,S00061,10.16,38.31
O00175,1,P00060,S00073,67.26,29.09
O00175,2,P00121,S00028,66.07,13.64
O00175,3,P00092,S00000,167.42,19.36
O00176,1,P00007,S00029,294.37,29.89
O00177,1,P00113,S00073,84.36,15.2
O00178,1,P00106,S00047,47.88,41.15
O00179,1,P00036,S00051,67.54,8.33
O00180,1,P00048,S00077,36.17,22.01
O00181,1,P00000,S00012,34.7,26.44
O00182,1,P00072,S00032,67.47,34.31
O00183,1,P00124,S00041,15.53,32.87
O00183,2,P00082,S00001,57.12,12.71
O00183,3,P00108,S00061,80.38,19.89
O00184,1,P00030,S00011,48.41,37.82
O00185,1,P00016,S00079,167.8,21.79
O00186,1,P00005,S00050,105.63,44.7
O00187,1,P00032,S00031,59.91,6.04
O00188,1,P00030,S00009,42.52,8.1
O00189,1,P00042,S00064,60.79,9.4
O00190,1,P00098,S00018,41.76,7.64
O00191,1,P00050,S00066,99.13,19.51
O00192,1,P00009,S00000,50.77,15.93
O00193,1,P00087,S00016,61.18,14.03
O00193,2,P00040,S00003,42.1,5.39
O00194,1,P00030,S00028,38.16,43.75
O00195,1,P00052,S00070,91.48,9.2
O00196,1,P00072,S00065,94.06,12.03
O00196,2,P00022,S00070,63.67,34.13
O00197,1,P00125,S00074,88.95,37.85
O00198,1,P00019,S00004,30.08,26.16
O00199,1,P00067,S00051,44.47,39.62
O00199,2,P00039,S00007,28.61,27.06
O00200,1,P00069,S00012,104.22,40.86
O00201,1,P00136,S00044,32.47,42.86
O00202,1,P00037,S00067,28.71,18.81
O00203,1,P00140,S00074,71.08,43.72
O00203,2,P00007,S00061,49.49,26.27
O00204,1,P00079,S00047,50.65,38.99
O00205,1,P00090,S00075,124.53,10.1
O00206,1,P00034,S00018,121.57,25.54
O00207,1,P00127,S00062,44.79,10.05
O00208,1,P00052,S00052,102.53,34.42
O00209,1,P00040,S00049,14.07,34.02
O00210,1,P00041,S00079,68.97,33.3
O00210,2,P00077,S00065,48.38,14.96
O00210,3,P00006,S00065,141.68,29.35
O00211,1,P00040,S00027,72.89,12.32
O00211,2,P00044,S00061,49.31,44.45
O00212,1,P00012,S00054,35.75,25.09
O00212,2,P00112,S00043,111.23,16.03
O00213,1,P00086,S00037,61.76,42.67
O00214,1,P00142,S00078,50.25,37.56
O00214,2,P00112,S00077,113.67,17.21
O00215,1,P00045,S00009,134.68,42.9
O00215,2,P00009,S00021,51.26,21.26
O00216,1,P00058,S00039,74.2,8.61
O00217,1,P00105,S00071,87.74,34.2
O00218,1,P00143,S00035,48.5,11.6
O00218,2,P00049,S00025,51.49,7.3
O00219,1,P00088,S00062,76.79,27.17
O00219,2,P00146,S00012,92.48,24.71
O00220,1,P00013,S00075,15.66,43.49
O00220,2,P00022,S00057,44.29,21.96
O00221,1,P00026,S00057,132.46,34.23
O00222,1,P00128,S00050,33.95,25.6
O00223,1,P00016,S00044,123.77,40.52
O00223,2,P00147,S00030,102.95,32.92
O00223,3,P00103,S00019,36.55,21.22
O00224,1,P00136,S00028,77.38,41.44
O00225,1,P00081,S00033,117.11,33.57
O00225,2,P00037,S00025,50.42,33.1
O00226,1,P00031,S00045,45.99,14.77
O00226,2,P00038,S00066,22.77,34.56
O00227,1,P00093,S00064,192.47,37.93
O00227,2,P00116,S00006,90.72,40.21
O00227,3,P00025,S00070,43.88,26.12
O00228,1,P00067,S00051,95.63,29.29
O00229,1,P00108,S00040,42.64,31.98
O00229,2,P00068,S00046,47.74,40.28
O00229,3,P00057,S00076,117.06,25.94
O00230,1,P00148,S00078,110.66,8.0
O00231,1,P00041,S00051,56.29,25.55
O00231,2,P00135,S00012,90.67,43.1
O00232,1,P00031,S00072,60.39,20.16
O00233,1,P00082,S00030,95.77,9.53
O00234,1,P00032,S00069,77.01,14.99
O00234,2,P00067,S00026,225.39,26.56
O00235,1,P00079,S00002,18.45,9.71
O00235,2,P00078,S00047,43.35,16.97
O00236,1,P00086,S00006,82.14,13.52
O00237,1,P00086,S00009,69.97,27.75
O00237,2,P00137,S00032,45.59,13.7
O00238,1,P00053,S00063,44.81,42.32
O00239,1,P00017,S00019,41.36,38.03
O00240,1,P00108,S00041,218.35,23.52
O00241,1,P00100,S00029,56.05,24.53
O00242,1,P00071,S00073,35.29,29.62
O00243,1,P00032,S00064,37.86,19.16
O00244,1,P00135,S00020,51.56,40.61
O00245,1,P00134,S00067,77.61,19.18
O00246,1,P00079,S00078,22.74,24.68
O00247,1,P00099,S00048,86.4,25.57
O00248,1,P00072,S00021,72.64,9.95
O00249,1,P00146,S00014,50.74,11.23
O00250,1,P00047,S00075,88.65,14.04
O00251,1,P00080,S00013,174.55,16.97
O00252,1,P00021,S00060,40.3,12.29
O00253,1,P00050,S00052,76.23,9.35
O00253,2,P00015,S00016,56.88,22.54
O00254,1,P00131,S00016,99.6,11.47
O00254,2,P00060,S00012,117.43,19.15
O00255,1,P00107,S00032,60.09,19.37
O00256,1,P00010,S00027,40.17,12.94
O00256,2,P00089,S00027,56.29,12.58
O00257,1,P00061,S00060,34.75,20.78
O00258,1,P00109,S00078,89.99,41.04
O00258,2,P00047,S00012,22.24,11.41
O00259,1,P00067,S00047,197.75,24.17
O00260,1,P00005,S00019,71.9,15.63
O00261,1,P00027,S00038,23.76,27.0
O00262,1,P00077,S00033,18.66,33.57
O00262,2,P00036,S00002,166.26,18.0
O00263,1,P00145,S00011,65.41,40.27
O00263,2,P00023,S00071,104.66,25.07
O00264,1,P00123,S00051,13.39,38.72
O00264,2,P00114,S00051,40.46,20.55
O00265,1,P00136,S00022,98.49,9.32
O00266,1,P00000,S00031,28.12,11.22
O00267,1,P00133,S00023,152.41,35.7
O00268,1,P00117,S00070,77.16,32.13
O00269,1,P00088,S00058,80.27,44.06
O00270,1,P00053,S00064,65.09,22.37
O00270,2,P00108,S00073,10.0,16.58
O00271,1,P00033,S00067,77.09,35.44
O00272,1,P00037,S00043,77.88,11.1
O00273,1,P00065,S00057,195.09,14.98
O00274,1,P00075,S00057,228.92,39.57
O00274,2,P00068,S00073,160.08,44.77
O00275,1,P00028,S00025,96.55,37.82
O00276,1,P00036,S00043,57.91,33.26
O00277,1,P00063,S00074,13.79,33.05
O00277,2,P00104,S00015,33.57,25.09
O00278,1,P00085,S00039,54.14,44.7
O00279,1,P00051,S00015,13.58,30.38
O00280,1,P00132,S00035,56.69,10.29
O00281,1,P00075,S00022,38.18,44.62
O00282,1,P00091,S00045,38.32,22.05
O00282,2,P00083,S00032,120.91,29.66
O00283,1,P00011,S00030,51.99,7.04
O00284,1,P00092,S00039,112.97,17.26
O00285,1,P00015,S00056,26.75,14.26
O00286,1,P00117,S00016,170.89,24.17
O00287,1,P00076,S00045,100.52,30.75
O00288,1,P00026,S00000,30.42,15.77
O00289,1,P00090,S00032,37.55,19.04
O00290,1,P00057,S00035,134.32,17.79
O00291,1,P00059,S00016,77.22,6.64
O00292,1,P00131,S00031,98.54,34.79
O00293,1,P00001,S00022,55.33,23.88
O00294,1,P00130,S00004,123.08,9.03
O00294,2,P00135,S00025,57.1,12.39
O00295,1,P00056,S00001,58.37,19.54
O00295,2,P00008,S00044,30.75,17.17
O00296,1,P00042,S00019,80.75,5.55
O00297,1,P00053,S00057,90.77,39.48
O00298,1,P00095,S00046,262.14,34.65
O00299,1,P00025,S00035,105.87,36.15
O00300,1,P00122,S00019,32.86,19.86
O00301,1,P00000,S00063,50.68,13.4
O00302,1,P00005,S00048,80.7,40.49
O00303,1,P00067,S00010,78.2,34.7
O00304,1,P00021,S00071,78.81,28.46
O00305,1,P00037,S00050,176.44,31.17
O00305,2,P00086,S00069,70.69,12.62
O00306,1,P00093,S00010,61.07,42.02
O00306,2,P00044,S00051,98.25,8.0
O00307,1,P00079,S00031,36.59,18.72
O00308,1,P00025,S00046,49.43,44.59
O00308,2,P00006,S00023,21.6,13.08
O00309,1,P00123,S00005,19.05,6.75
O00309,2,P00145,S00019,38.05,12.67
O00310,1,P00111,S00041,42.89,15.1
O00311,1,P00016,S00024,60.16,39.14
O00311,2,P00148,S00021,34.56,41.27
O00312,1,P00043,S00060,42.18,40.8
O00312,2,P00004,S00048,86.92,22.94
O00312,3,P00088,S00039,136.16,33.69
O00313,1,P00059,S00067,140.11,7.71
O00313,2,P00087,S00069,26.24,21.76
O00314,1,P00014,S00002,52.3,25.15
O00314,2,P00051,S00071,76.46,5.87
O00315,1,P00147,S00050,25.49,32.87
O00316,1,P00115,S00078,33.46,6.82
O00317,1,P00118,S00036,78.32,36.78
O00318,1,P00105,S00048,28.62,34.63
O00319,1,P00004,S00000,58.55,32.39
O00320,1,P00007,S00044,81.22,43.86
O00320,2,P00071,S00025,62.03,11.62
O00321,1,P00089,S00016,47.57,20.37
O00321,2,P00006,S00058,46.53,36.17
O00322,1,P00070,S00007,72.86,15.86
O00323,1,P00139,S00057,75.25,11.4
O00324,1,P00018,S00033,136.16,32.87
O00325,1,P00005,S00079,119.54,36.63
O00325,2,P00077,S00018,112.08,23.22
O00326,1,P00005,S00030,92.69,26.0
O00326,2,P00098,S00024,48.92,17.14
O00327,1,P00036,S00052,61.27,33.33
O00328,1,P00078,S00008,55.32,11.84
O00329,1,P00105,S00013,21.47,14.53
O00330,1,P00052,S00059,42.39,10.93
O00331,1,P00091,S00076,61.12,42.09
O00331,2,P00041,S00009,58.44,15.82
O00332,1,P00058,S00064,54.22,30.7
O00332,2,P00010,S00008,27.88,14.96
O00333,1,P00042,S00058,73.4,26.38
O00333,2,P00135,S00064,67.99,5.06
O00334,1,P00032,S00001,18.36,29.21
O00335,1,P00004,S00056,60.36,8.33
O00336,1,P00054,S00006,39.88,26.97
O00336,2,P00084,S00028,35.79,33.88
O00337,1,P00032,S00034,60.91,29.46
O00338,1,P00081,S00063,19.65,7.29
O00339,1,P00106,S00065,173.55,37.96
O00339,2,P00047,S00066,172.37,13.77
O00340,1,P00047,S00007,47.99,12.07
O00340,2,P00100,S00063,71.82,43.86
O00340,3,P00122,S00054,92.19,26.5
O00341,1,P00138,S00024,65.57,36.13
O00341,2,P00025,S00076,101.54,36.22
O00341,3,P00031,S00006,115.02,9.26
O00342,1,P00098,S00034,86.02,20.28
O00342,2,P00016,S00073,115.45,31.15
O00343,1,P00004,S00026,52.65,30.37
O00343,2,P00050,S00011,72.33,27.04
O00344,1,P00058,S00058,23.71,13.83
O00344,2,P00147,S00060,96.05,15.75
O00345,1,P00116,S00033,15.93,37.31
O00346,1,P00092,S00030,108.37,11.23
O00346,2,P00102,S00011,42.41,14.27
O00347,1,P00075,S00040,94.52,19.75
O00347,2,P00134,S00007,57.88,41.09
O00348,1,P00073,S00044,32.06,12.26
O00349,1,P00077,S00001,23.01,39.49
O00350,1,P00113,S00017,88.81,24.62
O00351,1,P00079,S00020,48.5,30.9
O00351,2,P00149,S00073,86.44,5.84
O00352,1,P00087,S00039,47.26,12.11
O00353,1,P00038,S00047,76.11,29.31
O00354,1,P00134,S00021,60.87,7.88
O00355,1,P00112,S00030,20.68,41.37
O00356,1,P00050,S00079,59.13,9.01
O00356,2,P00003,S00032,38.76,26.07
O00356,3,P00033,S00009,83.12,34.07
O00357,1,P00008,S00030,102.51,29.13
O00357,2,P00136,S00051,10.0,20.12
O00358,1,P00022,S00070,30.49,38.06
O00359,1,P00077,S00050,37.52,30.78
O00359,2,P00144,S00021,79.01,6.75
O00360,1,P00031,S00029,58.59,8.34
O00361,1,P00071,S00075,32.11,30.1
O00362,1,P00072,S00035,95.71,43.65
O00363,1,P00101,S00012,85.01,9.25
O00363,2,P00031,S00049,43.95,34.45
O00363,3,P00072,S00019,73.84,18.54
O00364,1,P00138,S00013,42.3,13.09
O00364,2,P00104,S00069,28.96,24.22
O00365,1,P00077,S00061,152.09,22.77
O00366,1,P00140,S00054,80.93,18.27
O00367,1,P00092,S00039,206.95,7.24
O00368,1,P00110,S00053,110.57,30.1
O00369,1,P00101,S00063,17.57,38.0
O00370,1,P00029,S00033,55.72,16.87
O00371,1,P00141,S00060,90.28,38.46
O00372,1,P00048,S00074,30.24,41.49
O00373,1,P00098,S00075,19.31,22.09
O00374,1,P00072,S00076,78.34,31.21
O00375,1,P00015,S00034,71.59,40.16
O00376,1,P00135,S00076,14.59,40.37
O00377,1,P00144,S00018,46.88,9.5
O00377,2,P00120,S00025,56.52,11.78
O00378,1,P00035,S00077,45.54,9.07
O00379,1,P00066,S00057,64.04,19.29
O00379,2,P00144,S00036,36.11,29.63
O00379,3,P00115,S00078,172.88,9.73
O00380,1,P00070,S00009,46.81,41.79
O00380,2,P00041,S00009,27.71,40.82
O00381,1,P00111,S00044,77.86,12.12
O00382,1,P00039,S00055,65.07,28.98
O00383,1,P00021,S00060,44.59,11.01
O00384,1,P00110,S00070,105.4,17.06
O00385,1,P00141,S00078,63.37,18.94
O00385,2,P00071,S00014,113.7,9.16
O00386,1,P00122,S00056,179.2,31.47
O00386,2,P00057,S00030,66.49,42.32
O00387,1,P00104,S00021,36.21,33.45
O00387,2,P00101,S00014,48.0,8.05
O00388,1,P00068,S00031,58.35,42.32
O00389,1,P00054,S00035,111.75,31.23
O00390,1,P00127,S00075,52.07,20.62
O00391,1,P00104,S00027,84.86,36.42
O00391,2,P00138,S00045,171.0,24.14
O00392,1,P00020,S00018,26.74,28.11
O00393,1,P00139,S00022,63.96,16.14
O00393,2,P00147,S00009,35.75,8.62
O00393,3,P00054,S00071,53.62,44.79
O00394,1,P00018,S00073,68.52,20.4
O00395,1,P00126,S00040,34.37,21.95
O00396,1,P00008,S00074,146.88,21.56
O00397,1,P00051,S00077,25.18,18.34
O00397,2,P00093,S00075,40.27,37.09
O00398,1,P00054,S00024,59.06,14.84
O00399,1,P00137,S00018,139.51,24.88
O00400,1,P00082,S00066,52.5,26.3
O00401,1,P00023,S00009,53.93,20.39
O00401,2,P00053,S00049,71.53,28.24
O00402,1,P00109,S00000,53.99,28.12
O00403,1,P00097,S00003,531.42,34.93
O00404,1,P00086,S00076,67.72,14.41
O00404,2,P00136,S00071,117.97,5.11
O00405,1,P00109,S00021,35.77,5.69
O00405,2,P00094,S00066,151.55,27.33
O00405,3,P00054,S00051,39.0,43.3
O00406,1,P00145,S00025,147.02,7.38
O00406,2,P00086,S00009,155.93,18.97
O00407,1,P00055,S00024,61.53,39.67
O00407,2,P00139,S00043,140.57,37.76
O00408,1,P00041,S00010,19.0,10.77
O00409,1,P00072,S00051,30.05,43.87
O00409,2,P00088,S00066,195.69,41.52
O00410,1,P00076,S00039,46.59,38.11
O00411,1,P00007,S00059,90.36,10.51
O00412,1,P00056,S00003,134.02,33.16
O00412,2,P00036,S00034,33.15,20.1
O00412,3,P00049,S00029,65.55,6.05
O00413,1,P00118,S00071,37.05,19.87
O00413,2,P00020,S00003,42.74,33.06
O00413,3,P00146,S00067,56.53,31.51
O00414,1,P00025,S00025,86.59,38.5
O00415,1,P00073,S00001,427.3,6.21
O00415,2,P00046,S00034,31.1,19.61
O00416,1,P00105,S00071,48.31,8.08
O00417,1,P00099,S00044,48.8,37.55
O00418,1,P00092,S00079,25.78,12.3
O00419,1,P00146,S00047,32.7,34.92
O00419,2,P00004,S00013,76.27,32.94
O00420,1,P00089,S00053,46.23,21.46
O00421,1,P00008,S00046,22.57,36.26
O00422,1,P00054,S00062,44.82,16.47
O00423,1,P00059,S00044,72.25,40.25
O00424,1,P00143,S00051,89.35,35.05
O00425,1,P00086,S00038,173.54,5.43
O00426,1,P00020,S00070,46.24,32.2
O00426,2,P00016,S00029,38.91,40.04
O00427,1,P00124,S00068,64.13,38.18
O00428,1,P00001,S00012,70.58,25.07
O00428,2,P00050,S00061,20.39,33.37
O00429,1,P00007,S00039,82.85,11.27
O00430,1,P00086,S00051,112.16,25.86
O00430,2,P00131,S00051,45.67,44.12
O00430,3,P00065,S00052,65.83,10.01
O00431,1,P00075,S00037,21.35,29.76
O00432,1,P00133,S00056,131.5,12.35
O00433,1,P00018,S00031,220.12,27.37
O00433,2,P00119,S00012,299.33,38.67
O00434,1,P00005,S00008,37.71,23.74
O00434,2,P00145,S00030,49.73,17.53
O00435,1,P00055,S00040,75.76,38.09
O00436,1,P00089,S00068,72.86,37.13
O00437,1,P00086,S00042,49.67,12.79
O00438,1,P00083,S00005,32.36,8.11
O00439,1,P00022,S00013,30.97,38.86
O00440,1,P00074,S00012,98.54,16.29
O00441,1,P00046,S00005,11.65,7.61
O00442,1,P00088,S00021,97.72,35.26
O00443,1,P00092,S00077,30.64,27.07
O00444,1,P00119,S00060,88.75,6.29
O00445,1,P00059,S00014,22.04,44.07
O00446,1,P00021,S00077,77.59,27.55
O00447,1,P00103,S00006,116.76,6.83
O00447,2,P00039,S00022,64.44,17.58
O00448,1,P00078,S00031,46.35,5.34
O00448,2,P00118,S00059,79.36,19.27
O00449,1,P00002,S00032,22.51,20.93
O00450,1,P00022,S00025,62.65,35.07
O00451,1,P00112,S00074,123.44,43.95
O00451,2,P00004,S00059,54.87,33.11
O00452,1,P00121,S00016,171.59,21.29
O00453,1,P00061,S00022,27.69,9.04
O00453,2,P00055,S00053,93.5,37.3
O00454,1,P00010,S00034,23.64,28.49
O00455,1,P00085,S00014,77.49,28.45
O00456,1,P00020,S00029,98.23,16.6
O00456,2,P00123,S00039,48.95,11.06
O00457,1,P00043,S00037,84.17,40.41
O00458,1,P00050,S00020,45.72,33.74
O00459,1,P00068,S00041,101.28,37.3
O00459,2,P00076,S00071,43.5,31.17
O00460,1,P00110,S00064,81.47,11.44
O00460,2,P00079,S00016,60.03,43.55
O00461,1,P00144,S00068,93.29,34.15
O00462,1,P00058,S00052,43.99,42.21
O00463,1,P00009,S00022,82.3,36.41
O00464,1,P00061,S00006,84.5,19.41
O00465,1,P00067,S00019,134.57,22.24
O00465,2,P00014,S00015,62.49,40.63
O00466,1,P00102,S00074,106.59,20.51
O00466,2,P00058,S00065,83.2,13.35
O00467,1,P00014,S00017,33.18,8.0
O00468,1,P00039,S00029,25.06,30.11
O00469,1,P00132,S00039,114.84,37.19
O00470,1,P00082,S00007,148.67,39.82
O00471,1,P00000,S00029,143.96,43.76
O00472,1,P00042,S00029,23.39,8.49
O00472,2,P00097,S00025,46.42,8.76
O00473,1,P00074,S00048,92.27,42.36
O00474,1,P00136,S00056,236.75,16.2
O00475,1,P00100,S00001,139.05,8.57
O00476,1,P00033,S00072,116.62,35.88
O00477,1,P00087,S00049,283.71,23.93
O00478,1,P00112,S00037,71.2,40.07
O00479,1,P00072,S00028,47.39,10.62
O00480,1,P00055,S00075,34.1,27.75
O00481,1,P00030,S00072,41.26,39.36
O00482,1,P00022,S00008,27.09,39.28
O00483,1,P00122,S00051,75.8,10.16
O00483,2,P00047,S00035,68.53,19.67
O00484,1,P00092,S00058,97.83,43.08
O00484,2,P00038,S00023,17.19,19.95
O00485,1,P00011,S00055,24.91,25.24
O00486,1,P00065,S00018,84.68,40.02
O00487,1,P00024,S00023,118.44,29.82
O00488,1,P00035,S00057,164.27,34.64
O00489,1,P00072,S00078,61.01,37.85
O00490,1,P00032,S00052,17.41,39.12
O00491,1,P00120,S00008,90.41,11.33
O00492,1,P00092,S00003,81.65,7.92
O00493,1,P00120,S00009,110.36,23.49
O00494,1,P00087,S00032,199.71,23.64
O00495,1,P00027,S00031,108.63,41.01
O00496,1,P00149,S00016,66.93,8.43
O00497,1,P00083,S00078,11.49,41.7
O00497,2,P00049,S00043,45.94,41.9
O00498,1,P00140,S00043,35.17,12.98
O00498,2,P00125,S00057,79.46,18.15
O00499,1,P00146,S00044,94.03,44.86
O00500,1,P00009,S00035,53.92,33.09
O00501,1,P00022,S00051,136.31,16.14
O00502,1,P00016,S00073,102.83,11.23
O00503,1,P00028,S00015,150.95,30.61
O00504,1,P00118,S00012,50.78,6.25
O00505,1,P00130,S00046,36.12,20.21
O00506,1,P00115,S00059,21.56,19.46
O00506,2,P00035,S00074,170.52,22.2
O00507,1,P00090,S00076,41.4,7.16
O00508,1,P00029,S00009,41.05,43.11
O00508,2,P00055,S00016,43.59,32.35
O00509,1,P00131,S00008,31.55,30.43
O00510,1,P00056,S00010,48.35,7.77
O00511,1,P00132,S00061,25.98,16.93
O00512,1,P00100,S00071,51.21,39.85
O00512,2,P00121,S00016,76.79,25.99
O00513,1,P00034,S00074,85.72,15.38
O00514,1,P00084,S00037,81.12,8.7
O00514,2,P00079,S00012,111.63,41.07
O00515,1,P00091,S00011,222.98,35.13
O00516,1,P00116,S00063,76.0,18.97
O00517,1,P00025,S00044,145.54,24.02
O00518,1,P00018,S00047,162.7,11.43
O00519,1,P00030,S00043,53.81,19.19
O00520,1,P00050,S00047,69.86,20.57
O00521,1,P00115,S00029,69.74,36.32
O00522,1,P00074,S00022,125.46,8.11
O00523,1,P00077,S00078,62.12,29.66
O00524,1,P00137,S00049,26.4,44.45
O00525,1,P00097,S00052,155.06,34.71
O00525,2,P00131,S00033,35.77,34.47
O00526,1,P00043,S00021,93.53,11.02
O00527,1,P00011,S00078,20.3,10.9
O00528,1,P00014,S00015,39.43,9.54
O00528,2,P00147,S00000,73.75,43.8
O00529,1,P00069,S00014,68.18,25.83
O00530,1,P00140,S00040,45.49,23.02
O00531,1,P00022,S00031,132.8,10.03
O00531,2,P00139,S00030,35.64,22.97
O00532,1,P00048,S00032,37.41,8.9
O00532,2,P00105,S00026,81.45,13.74
O00532,3,P00077,S00006,85.52,44.16
O00533,1,P00126,S00053,94.87,26.84
O00534,1,P00067,S00061,40.37,20.1
O00535,1,P00033,S00026,152.6,43.1
O00536,1,P00014,S00069,32.78,28.07
O00536,2,P00001,S00074,97.13,5.57
O00536,3,P00124,S00062,97.9,37.55
O00537,1,P00066,S00057,74.85,40.87
O00538,1,P00015,S00013,50.0,39.71
O00539,1,P00147,S00016,86.84,30.96
O00540,1,P00040,S00061,128.17,21.42
O00541,1,P00068,S00012,56.48,26.7
O00542,1,P00099,S00061,34.74,35.6
O00543,1,P00067,S00044,46.42,12.03
O00544,1,P00026,S00014,146.79,12.08
O00545,1,P00079,S00073,112.2,26.71
O00546,1,P00045,S00039,74.76,38.8
O00547,1,P00065,S00053,43.46,22.5
O00548,1,P00088,S00012,57.37,29.82
O00549,1,P00103,S00049,42.63,39.28
O00549,2,P00015,S00064,40.8,44.81
O00550,1,P00008,S00046,249.68,9.15
O00550,2,P00100,S00002,121.6,30.98
O00551,1,P00024,S00078,75.46,21.45
O00552,1,P00002,S00077,72.31,35.07
O00553,1,P00146,S00024,61.78,8.99
O00553,2,P00022,S00035,56.09,22.76
O00554,1,P00117,S00026,46.19,6.31
O00555,1,P00045,S00069,81.78,21.83
O00556,1,P00100,S00036,87.71,23.19
O00557,1,P00091,S00053,62.38,12.82
O00558,1,P00143,S00056,28.11,9.98
O00559,1,P00048,S00042,91.85,41.56
O00559,2,P00042,S00068,83.64,21.52
O00559,3,P00146,S00023,115.66,37.82
O00560,1,P00063,S00005,89.8,34.65
O00560,2,P00123,S00070,90.23,5.3
O00561,1,P00060,S00019,32.7,13.96
O00562,1,P00136,S00049,247.47,40.18
O00563,1,P00038,S00047,47.09,38.54
O00564,1,P00140,S00074,52.98,21.59
O00564,2,P00120,S00043,139.96,14.66
O00565,1,P00049,S00055,218.24,21.58
O00565,2,P00129,S00033,100.91,5.62
O00566,1,P00047,S00008,38.31,19.98
O00567,1,P00031,S00038,66.45,37.8
O00567,2,P00101,S00028,40.89,29.0
O00568,1,P00059,S00042,80.93,43.37
O00569,1,P00041,S00008,65.39,14.67
O00569,2,P00125,S00072,78.77,43.94
O00569,3,P00146,S00009,73.43,12.71
O00570,1,P00052,S00068,139.75,38.14
O00571,1,P00127,S00020,62.26,28.11
O00571,2,P00125,S00012,127.82,10.15
O00572,1,P00127,S00063,36.92,44.09
O00573,1,P00103,S00034,109.11,41.17
O00574,1,P00139,S00023,54.28,22.5
O00575,1,P00083,S00004,66.58,37.05
O00576,1,P00035,S00040,86.05,30.26
O00577,1,P00041,S00054,98.65,38.72
O00577,2,P00126,S00043,264.82,30.09
O00578,1,P00131,S00021,65.11,27.12
O00579,1,P00009,S00050,32.9,13.15
O00579,2,P00090,S00011,42.17,8.73
O00580,1,P00059,S00034,70.9,30.16
O00581,1,P00063,S00072,165.28,6.11
O00582,1,P00007,S00032,118.36,41.82
O00582,2,P00036,S00008,151.44,8.15
O00583,1,P00034,S00002,203.61,34.69
O00584,1,P00064,S00067,74.35,23.15
O00585,1,P00085,S00034,57.17,19.32
O00586,1,P00031,S00001,104.93,40.92
O00587,1,P00106,S00018,13.21,26.42
O00588,1,P00017,S00025,30.66,36.2
O00589,1,P00086,S00047,35.06,35.82
O00589,2,P00096,S00055,15.99,31.37
O00590,1,P00090,S00061,22.15,42.4
O00591,1,P00118,S00075,24.95,30.54
O00592,1,P00021,S00036,155.13,9.14
O00593,1,P00087,S00037,268.52,28.84
O00594,1,P00054,S00019,159.78,16.3
O00595,1,P00045,S00023,14.68,8.71
O00595,2,P00028,S00026,38.81,24.77
O00596,1,P00130,S00065,57.47,38.53
O00597,1,P00062,S00038,69.76,24.64
O00598,1,P00078,S00038,92.69,7.94
O00599,1,P00049,S00074,18.4,8.05
O00599,2,P00017,S00076,93.26,32.49
O00599,3,P00079,S00004,19.72,20.01
O00600,1,P00031,S00035,32.39,41.33
O00601,1,P00053,S00013,242.55,12.19
O00601,2,P00147,S00077,20.52,5.41
O00602,1,P00095,S00069,23.69,27.69
O00603,1,P00003,S00033,29.54,6.26
O00604,1,P00105,S00079,65.01,44.75
O00604,2,P00146,S00024,30.81,24.36
O00604,3,P00071,S00036,43.31,29.56
O00605,1,P00144,S00021,92.84,11.34
O00606,1,P00115,S00073,83.85,42.06
O00606,2,P00047,S00061,69.31,12.71
O00607,1,P00070,S00056,74.81,5.92
O00608,1,P00144,S00018,72.82,11.09
O00609,1,P00059,S00044,146.34,9.59
O00609,2,P00049,S00062,83.58,13.68
O00610,1,P00097,S00070,68.94,13.79
O00611,1,P00111,S00029,22.52,42.59
O00611,2,P00087,S00065,21.21,15.7
O00612,1,P00065,S00009,29.68,43.13
O00613,1,P00018,S00003,50.4,27.06
O00614,1,P00146,S00042,39.43,34.81
O00615,1,P00105,S00074,217.59,25.51
O00616,1,P00054,S00024,109.4,12.72
O00617,1,P00075,S00041,141.52,32.48
O00618,1,P00033,S00010,77.45,16.24
O00618,2,P00043,S00076,132.25,20.71
O00619,1,P00149,S00076,50.39,35.66
O00620,1,P00083,S00058,41.01,36.76
O00621,1,P00117,S00033,137.3,24.51
O00621,2,P00049,S00039,119.13,40.31
O00621,3,P00096,S00032,38.74,21.95
O00622,1,P00000,S00004,90.45,37.64
O00622,2,P00019,S00043,93.32,29.92
O00623,1,P00078,S00008,66.13,22.17
O00624,1,P00056,S00011,108.04,19.96
O00625,1,P00050,S00048,89.0,7.57
O00626,1,P00039,S00009,107.72,6.35
O00627,1,P00131,S00064,88.81,28.47
O00628,1,P00143,S00077,38.27,38.07
O00629,1,P00105,S00072,113.3,43.61
O00630,1,P00046,S00055,38.31,6.2
O00631,1,P00049,S00005,55.46,17.91
O00632,1,P00110,S00013,100.38,19.31
O00632,2,P00101,S00062,48.59,7.91
O00633,1,P00027,S00032,113.42,19.88
O00634,1,P00112,S00056,70.66,9.89
O00634,2,P00104,S00010,22.35,17.74
O00635,1,P00067,S00066,37.17,18.15
O00636,1,P00010,S00068,140.79,36.81
O00637,1,P00036,S00029,32.92,27.47
O00637,2,P00124,S00044,89.83,20.42
O00638,1,P00073,S00076,155.56,26.09
O00639,1,P00029,S00043,91.42,16.12
O00640,1,P00125,S00053,63.11,40.33
O00641,1,P00065,S00065,163.43,7.99
O00641,2,P00049,S00032,140.91,40.71
O00642,1,P00135,S00055,99.12,35.25
O00643,1,P00126,S00041,37.72,17.8
O00644,1,P00125,S00053,232.39,37.11
O00645,1,P00062,S00052,73.4,44.61
O00646,1,P00064,S00061,159.33,9.96
O00647,1,P00111,S00007,48.9,18.07
O00648,1,P00070,S00041,27.81,28.06
O00649,1,P00032,S00054,96.45,30.75
O00650,1,P00120,S00041,84.46,44.52
O00650,2,P00026,S00055,39.75,41.47
O00651,1,P00021,S00016,119.79,38.67
O00652,1,P00010,S00056,55.54,40.83
O00653,1,P00058,S00067,10.0,6.56
O00653,2,P00074,S00043,223.32,30.79
O00654,1,P00112,S00047,76.12,8.8
O00655,1,P00108,S00050,48.56,33.93
O00655,2,P00016,S00067,86.28,15.99
O00656,1,P00081,S00002,58.38,21.01
O00656,2,P00108,S00039,56.95,27.26
O00657,1,P00097,S00079,45.72,29.49
O00658,1,P00041,S00003,33.37,32.86
O00659,1,P00061,S00079,10.19,38.95
O00660,1,P00133,S00017,36.82,9.86
O00660,2,P00113,S00002,84.49,19.96
O00660,3,P00088,S00078,44.13,29.72
O00661,1,P00064,S00050,71.34,6.91
O00662,1,P00083,S00073,55.33,9.21
O00663,1,P00075,S00004,67.83,32.5
O00664,1,P00105,S00030,95.58,11.81
O00665,1,P00046,S00060,66.0,41.09
O00666,1,P00045,S00032,19.98,41.12
O00667,1,P00081,S00064,119.02,42.36
O00667,2,P00038,S00045,27.0,39.72
O00667,3,P00084,S00058,85.83,15.39
O00668,1,P00089,S00000,79.67,9.43
O00668,2,P00028,S00039,73.21,42.89
O00669,1,P00034,S00076,151.85,18.17
O00670,1,P00024,S00076,136.09,37.5
O00671,1,P00117,S00014,30.89,11.81
O00672,1,P00084,S00001,56.48,23.43
O00673,1,P00073,S00059,97.12,39.48
O00674,1,P00074,S00052,18.17,40.51
O00674,2,P00038,S00007,26.16,43.63
O00675,1,P00050,S00036,46.23,22.87
O00676,1,P00051,S00060,76.24,26.1
O00677,1,P00078,S00031,54.97,31.45
O00678,1,P00028,S00079,47.18,17.88
O00678,2,P00093,S00042,97.65,34.23
O00678,3,P00075,S00014,84.44,14.03
O00679,1,P00149,S00011,191.48,16.85
O00680,1,P00044,S00024,69.47,27.34
O00681,1,P00026,S00068,22.7,31.38
O00681,2,P00033,S00037,16.76,34.41
O00682,1,P00042,S00017,117.98,8.12
O00683,1,P00019,S00021,200.92,7.41
O00683,2,P00148,S00017,267.76,5.53
O00683,3,P00000,S00017,181.57,13.65
O00684,1,P00136,S00030,23.32,12.52
O00684,2,P00030,S00057,51.95,9.18
O00685,1,P00079,S00052,107.86,28.62
O00686,1,P00004,S00076,84.36,39.34
O00687,1,P00061,S00030,51.97,17.47
O00687,2,P00023,S00009,38.32,23.16
O00688,1,P00139,S00062,48.79,25.18
O00689,1,P00094,S00021,20.65,13.75
O00689,2,P00020,S00062,32.75,19.55
O00690,1,P00049,S00007,49.26,39.71
O00690,2,P00122,S00026,41.94,25.54
O00690,3,P00026,S00063,103.99,36.2
O00691,1,P00125,S00047,162.36,16.11
O00692,1,P00029,S00000,37.46,17.29
O00693,1,P00036,S00039,119.2,30.94
O00693,2,P00042,S00039,55.64,10.89
O00694,1,P00040,S00061,43.6,34.8
O00694,2,P00026,S00054,45.46,14.62
O00695,1,P00034,S00063,20.98,12.48
O00695,2,P00098,S00038,157.02,6.14
O00696,1,P00116,S00006,210.14,23.11
O00697,1,P00097,S00067,21.69,42.08
O00698,1,P00038,S00006,106.72,22.26
O00699,1,P00020,S00033,43.25,25.09
O00700,1,P00127,S00042,47.75,7.13
O00701,1,P00043,S00028,91.06,8.91
O00702,1,P00041,S00031,80.09,34.28
O00703,1,P00105,S00021,69.64,16.76
O00704,1,P00142,S00059,49.14,28.76
O00705,1,P00101,S00055,53.41,24.74
O00706,1,P00107,S00028,194.67,32.25
O00707,1,P00026,S00015,41.53,43.36
O00708,1,P00066,S00033,43.18,7.13
O00709,1,P00129,S00050,56.84,15.65
O00710,1,P00012,S00075,88.05,9.04
O00711,1,P00142,S00018,23.73,29.81
O00712,1,P00069,S00057,32.89,20.68
O00712,2,P00023,S00038,107.79,9.05
O00713,1,P00130,S00059,332.64,40.18
O00713,2,P00138,S00057,95.93,15.73
O00714,1,P00148,S00031,59.77,36.43
O00715,1,P00021,S00038,112.62,16.52
O00716,1,P00128,S00019,13.34,34.36
O00717,1,P00032,S00069,67.03,25.13
O00718,1,P00145,S00050,62.88,24.07
O00718,2,P00072,S00005,40.7,17.21
O00719,1,P00122,S00031,58.65,14.54
O00719,2,P00133,S00024,33.02,17.6
O00720,1,P00024,S00072,109.8,12.49
O00721,1,P00125,S00074,47.27,10.67
O00721,2,P00118,S00024,109.23,5.51
O00722,1,P00022,S00055,31.01,18.36
O00723,1,P00026,S00032,139.77,15.55
O00724,1,P00085,S00041,234.18,32.17
O00725,1,P00059,S00021,29.95,28.76
O00725,2,P00070,S00053,96.79,43.78
O00726,1,P00144,S00012,48.37,24.53
O00727,1,P00062,S00015,75.09,9.38
O00728,1,P00010,S00035,73.49,27.69
O00728,2,P00041,S00007,23.32,44.62
O00729,1,P00030,S00033,39.34,26.01
O00729,2,P00055,S00061,28.37,11.69
O00730,1,P00085,S00071,33.63,8.76
O00731,1,P00038,S00078,34.23,34.45
O00732,1,P00095,S00035,33.76,34.39
O00733,1,P00090,S00076,24.89,15.29
O00733,2,P00048,S00063,60.29,24.46
O00733,3,P00063,S00032,70.3,19.57
O00734,1,P00085,S00009,23.66,19.11
O00735,1,P00020,S00055,32.34,40.65
O00735,2,P00073,S00016,25.29,35.98
O00736,1,P00100,S00003,74.18,41.09
O00736,2,P00087,S00046,48.62,28.83
O00737,1,P00055,S00023,97.9,32.43
O00738,1,P00029,S00009,31.32,5.83
O00738,2,P00119,S00027,96.32,44.15
O00739,1,P00007,S00050,49.88,31.37
O00739,2,P00095,S00044,61.26,10.67
O00740,1,P00118,S00052,16.38,14.77
O00741,1,P00112,S00019,88.68,43.93
O00741,2,P00083,S00041,116.85,19.38
O00742,1,P00110,S00000,29.41,12.75
O00742,2,P00111,S00016,92.69,43.19
O00743,1,P00030,S00074,12.34,43.62
O00744,1,P00034,S00044,64.97,32.15
O00744,2,P00092,S00060,90.64,40.97
O00745,1,P00010,S00039,29.16,43.33
O00746,1,P00009,S00013,44.17,15.61
O00747,1,P00041,S00002,350.67,40.52
O00748,1,P00076,S00060,60.56,21.69
O00749,1,P00083,S00071,37.8,17.37
O00749,2,P00122,S00004,117.94,6.64
O00749,3,P00142,S00079,74.86,25.8
O00750,1,P00094,S00054,52.86,29.49
O00751,1,P00097,S00061,35.37,23.2
O00752,1,P00023,S00020,38.29,36.69
O00752,2,P00049,S00015,23.71,16.54
O00752,3,P00117,S00040,92.87,43.78
O00753,1,P00129,S00003,61.49,32.42
O00754,1,P00073,S00069,129.84,11.01
O00755,1,P00118,S00038,67.69,29.95
O00755,2,P00074,S00034,39.21,31.57
O00755,3,P00094,S00031,52.32,17.15
O00756,1,P00069,S00007,38.38,36.99
O00757,1,P00077,S00004,37.37,6.64
O00758,1,P00114,S00009,54.92,28.72
O00759,1,P00116,S00077,269.21,17.23
O00760,1,P00126,S00000,78.85,31.41
O00761,1,P00138,S00029,52.64,15.06
O00762,1,P00043,S00031,59.27,16.33
O00763,1,P00056,S00039,26.01,31.61
O00763,2,P00074,S00003,40.94,35.76
O00764,1,P00069,S00031,48.18,8.44
O00765,1,P00067,S00020,66.22,44.84
O00766,1,P00001,S00074,100.31,28.41
O00767,1,P00127,S00006,100.29,13.75
O00768,1,P00138,S00056,36.57,19.19
O00769,1,P00051,S00058,79.46,30.48
O00769,2,P00017,S00020,124.45,21.9
O00770,1,P00093,S00067,30.7,8.93
O00770,2,P00136,S00011,82.38,15.45
O00770,3,P00118,S00054,33.17,17.08
O00771,1,P00007,S00005,39.91,27.56
O00772,1,P00038,S00042,31.65,17.9
O00773,1,P00014,S00055,122.72,32.33
O00774,1,P00071,S00027,65.14,10.43
O00775,1,P00003,S00074,131.87,17.04
O00776,1,P00070,S00029,55.05,27.67
O00777,1,P00018,S00022,103.97,26.83
O00778,1,P00104,S00018,130.21,40.04
O00779,1,P00022,S00021,62.3,10.54
O00780,1,P00064,S00078,72.81,17.53
O00781,1,P00025,S00037,40.11,33.5
O00781,2,P00112,S00014,54.82,23.74
O00782,1,P00072,S00029,11.85,21.82
O00783,1,P00138,S00010,27.11,6.11
O00784,1,P00107,S00034,34.52,43.3
O00785,1,P00028,S00012,14.56,35.23
O00786,1,P00016,S00023,149.83,17.1
O00787,1,P00133,S00033,160.74,25.49
O00788,1,P00062,S00003,24.61,26.73
O00789,1,P00042,S00035,38.02,16.73
O00790,1,P00054,S00030,135.94,20.71
O00790,2,P00117,S00047,40.72,21.12
O00791,1,P00100,S00067,160.03,37.3
O00792,1,P00132,S00070,41.04,23.41
O00792,2,P00095,S00003,197.09,7.17
O00793,1,P00080,S00019,29.54,38.2
O00794,1,P00073,S00018,194.45,18.34
O00795,1,P00121,S00027,117.79,16.62
O00796,1,P00128,S00029,103.08,18.25
O00797,1,P00034,S00002,36.15,34.62
O00798,1,P00081,S00079,86.93,34.57
O00799,1,P00111,S00077,15.9,13.2
O00800,1,P00114,S00067,30.29,34.62
O00801,1,P00040,S00055,83.46,13.94
O00802,1,P00050,S00002,48.74,39.09
O00803,1,P00111,S00065,47.93,17.44
O00804,1,P00092,S00043,103.49,5.26
O00804,2,P00086,S00046,95.22,24.4
O00804,3,P00041,S00029,120.35,32.51
O00805,1,P00134,S00034,97.2,5.0
O00806,1,P00066,S00052,32.78,9.84
O00807,1,P00072,S00048,113.73,13.17
O00808,1,P00025,S00009,42.38,38.31
O00809,1,P00024,S00023,25.05,7.23
O00810,1,P00082,S00005,116.7,21.18
O00811,1,P00080,S00003,15.33,37.81
O00811,2,P00062,S00022,91.83,38.67
O00811,3,P00145,S00043,128.98,26.87
O00812,1,P00141,S00050,263.37,32.25
O00812,2,P00143,S00055,15.21,39.37
O00813,1,P00147,S00027,51.26,22.29
O00814,1,P00015,S00010,119.06,12.39
O00815,1,P00121,S00067,90.8,31.3
O00815,2,P00120,S00023,68.07,11.83
O00816,1,P00147,S00035,173.92,26.87
O00816,2,P00011,S00052,143.12,24.05
O00817,1,P00030,S00024,30.1,31.7
O00818,1,P00081,S00009,153.53,24.72
O00818,2,P00013,S00059,84.29,31.71
O00818,3,P00146,S00030,46.01,20.65
O00819,1,P00047,S00017,101.6,9.29
O00820,1,P00124,S00011,15.35,21.99
O00821,1,P00087,S00061,144.48,23.28
O00822,1,P00115,S00038,43.14,5.44
O00823,1,P00019,S00061,57.4,30.8
O00824,1,P00132,S00020,48.33,29.8
O00824,2,P00140,S00018,59.9,6.71
O00825,1,P00050,S00007,32.09,43.51
O00825,2,P00066,S00076,100.91,23.72
O00826,1,P00029,S00060,35.77,16.08
O00826,2,P00033,S00078,169.73,44.27
O00827,1,P00027,S00038,219.46,39.23
O00828,1,P00015,S00045,62.84,18.95
O00829,1,P00127,S00062,157.7,20.62
O00829,2,P00086,S00060,96.89,7.51
O00830,1,P00108,S00066,128.89,19.07
O00831,1,P00111,S00043,296.82,18.57
O00831,2,P00124,S00007,30.28,33.61
O00832,1,P00040,S00025,46.12,16.13
O00832,2,P00010,S00054,28.7,35.5
O00833,1,P00131,S00027,21.6,20.76
O00834,1,P00111,S00055,61.77,30.81
O00834,2,P00003,S00019,128.91,20.06
O00835,1,P00112,S00004,34.14,31.36
O00836,1,P00116,S00015,43.42,42.1
O00837,1,P00108,S00050,65.07,26.02
O00837,2,P00085,S00069,59.41,10.18
O00838,1,P00088,S00012,33.38,43.21
O00839,1,P00141,S00001,20.68,29.7
O00840,1,P00118,S00031,69.62,6.8
O00841,1,P00132,S00008,37.53,11.37
O00841,2,P00020,S00071,17.8,8.86
O00842,1,P00089,S00015,105.71,42.37
O00843,1,P00121,S00025,72.34,35.4
O00844,1,P00121,S00028,54.93,37.34
O00844,2,P00049,S00062,28.34,34.31
O00844,3,P00110,S00076,16.62,14.46
O00845,1,P00064,S00045,108.6,11.96
O00845,2,P00112,S00077,82.55,40.7
O00846,1,P00033,S00037,75.28,21.8
O00846,2,P00092,S00058,91.83,7.57
O00847,1,P00106,S00029,77.6,9.58
O00848,1,P00096,S00040,160.22,7.92
O00848,2,P00069,S00029,133.51,35.53
O00849,1,P00114,S00025,89.01,38.63
O00850,1,P00146,S00074,120.42,17.85
O00850,2,P00001,S00037,22.91,32.95
O00851,1,P00054,S00015,52.57,44.55
O00852,1,P00048,S00007,31.6,12.99
O00853,1,P00099,S00014,47.07,22.5
O00854,1,P00110,S00028,23.79,13.05
O00855,1,P00088,S00071,46.7,37.55
O00856,1,P00140,S00043,57.8,12.69
O00856,2,P00022,S00038,48.95,28.28
O00857,1,P00012,S00030,35.23,31.75
O00858,1,P00012,S00051,60.45,37.4
O00859,1,P00074,S00006,160.94,19.38
O00859,2,P00071,S00072,33.39,21.32
O00860,1,P00004,S00057,62.02,7.88
O00861,1,P00090,S00040,135.37,34.2
O00862,1,P00053,S00040,22.01,30.69
O00862,2,P00018,S00037,41.4,24.85
O00863,1,P00147,S00044,38.78,27.81
O00863,2,P00097,S00011,44.24,23.95
O00864,1,P00044,S00018,93.61,29.74
O00865,1,P00042,S00002,106.25,10.51
O00866,1,P00069,S00055,54.74,22.1
O00867,1,P00112,S00069,41.63,7.83
O00868,1,P00125,S00021,23.34,36.3
O00869,1,P00137,S00058,108.96,9.72
O00870,1,P00010,S00072,75.58,29.06
O00871,1,P00017,S00046,59.07,13.96
O00872,1,P00080,S00076,130.72,41.89
O00872,2,P00140,S00078,76.25,15.06
O00873,1,P00042,S00070,101.21,7.72
O00873,2,P00129,S00028,24.52,39.86
O00874,1,P00036,S00049,65.71,7.99
O00874,2,P00142,S00075,49.84,28.01
O00874,3,P00087,S00066,41.26,39.13
O00875,1,P00129,S00035,63.57,25.0
O00875,2,P00077,S00029,54.15,20.97
O00876,1,P00038,S00050,48.03,32.9
O00877,1,P00037,S00015,113.61,23.84
O00878,1,P00035,S00051,13.6,15.52
O00878,2,P00107,S00020,18.36,6.2
O00879,1,P00145,S00005,32.77,15.44
O00880,1,P00084,S00071,30.21,35.59
O00881,1,P00118,S00077,95.05,26.88
O00882,1,P00004,S00040,88.89,41.97
O00882,2,P00109,S00060,228.65,31.53
O00883,1,P00042,S00079,69.61,14.42
O00883,2,P00102,S00068,65.99,7.92
O00884,1,P00148,S00068,69.75,41.17
O00884,2,P00100,S00028,151.56,33.12
O00885,1,P00101,S00029,55.15,6.41
O00885,2,P00002,S00044,44.17,44.24
O00886,1,P00041,S00009,62.08,28.93
O00886,2,P00001,S00019,192.58,29.5
O00887,1,P00128,S00076,28.38,27.06
O00888,1,P00122,S00061,101.37,15.82
O00888,2,P00125,S00026,104.16,6.67
O00889,1,P00082,S00018,44.39,25.3
O00890,1,P00068,S00065,147.05,22.26
O00891,1,P00129,S00020,123.72,38.99
O00892,1,P00063,S00009,50.23,5.86
O00892,2,P00104,S00016,40.36,7.21
O00892,3,P00013,S00019,209.36,35.94
O00893,1,P00102,S00040,37.08,26.37
O00893,2,P00077,S00050,147.43,39.41
O00894,1,P00068,S00033,81.48,34.52
O00895,1,P00103,S00078,91.42,7.09
O00896,1,P00085,S00023,52.74,32.82
O00896,2,P00020,S00074,111.93,22.19
O00897,1,P00002,S00017,47.21,10.51
O00898,1,P00097,S00011,49.46,40.89
O00899,1,P00034,S00052,120.9,19.71
O00899,2,P00123,S00008,61.14,12.75
O00899,3,P00109,S00047,49.92,22.46
O00900,1,P00052,S00046,173.37,14.28
O00901,1,P00112,S00042,47.05,14.09
O00902,1,P00105,S00002,237.91,40.53
O00902,2,P00078,S00047,96.07,36.73
O00903,1,P00069,S00069,49.25,44.64
O00904,1,P00020,S00035,53.82,33.79
O00905,1,P00058,S00013,31.12,8.06
O00905,2,P00130,S00018,157.01,10.07
O00906,1,P00055,S00063,26.75,6.75
O00907,1,P00090,S00065,53.62,31.21
O00908,1,P00114,S00050,227.86,16.7
O00909,1,P00099,S00071,213.54,24.15
O00910,1,P00137,S00023,56.83,8.07
O00911,1,P00122,S00062,117.45,26.75
O00912,1,P00040,S00007,34.82,34.41
O00913,1,P00008,S00013,27.71,41.6
O00914,1,P00063,S00065,50.21,33.53
O00915,1,P00109,S00078,26.06,36.21
O00915,2,P00074,S00014,81.84,16.71
O00916,1,P00127,S00003,167.16,26.07
O00917,1,P00012,S00043,65.69,32.91
O00918,1,P00096,S00000,52.29,7.16
O00919,1,P00069,S00009,47.69,33.22
O00919,2,P00040,S00034,96.59,29.87
O00920,1,P00006,S00053,29.53,13.14
O00921,1,P00000,S00048,26.87,44.04
O00922,1,P00009,S00055,92.15,34.68
O00923,1,P00000,S00003,148.59,19.9
O00924,1,P00086,S00077,91.63,10.68
O00924,2,P00122,S00017,48.17,44.12
O00925,1,P00135,S00019,103.41,31.0
O00926,1,P00012,S00078,109.03,9.57
O00927,1,P00032,S00002,36.7,6.35
O00928,1,P00061,S00009,107.24,20.37
O00929,1,P00130,S00066,105.52,8.38
O00929,2,P00089,S00064,23.89,16.16
O00930,1,P00087,S00075,60.05,24.81
O00931,1,P00018,S00039,42.87,20.39
O00931,2,P00030,S00069,248.88,6.78
O00932,1,P00124,S00010,82.3,12.38
O00933,1,P00124,S00022,33.2,7.09
O00934,1,P00100,S00045,76.73,26.66
O00935,1,P00006,S00054,13.28,6.04
O00936,1,P00106,S00073,45.92,40.73
O00937,1,P00142,S00021,59.23,41.3
O00937,2,P00119,S00017,103.23,37.41
O00938,1,P00098,S00019,88.62,35.29
O00939,1,P00076,S00041,97.71,38.17
O00940,1,P00041,S00003,75.54,22.1
O00941,1,P00025,S00016,44.9,34.42
O00941,2,P00141,S00005,112.69,7.28
O00942,1,P00091,S00014,22.67,20.52
O00943,1,P00101,S00071,111.39,32.12
O00943,2,P00094,S00002,50.16,39.34
O00944,1,P00022,S00072,88.93,23.54
O00944,2,P00113,S00005,129.39,27.9
O00945,1,P00137,S00050,145.48,25.76
O00946,1,P00039,S00074,34.17,20.25
O00947,1,P00040,S00035,24.83,41.99
O00947,2,P00026,S00023,178.19,10.27
O00948,1,P00002,S00067,51.16,36.98
O00949,1,P00028,S00028,51.54,8.42
O00949,2,P00010,S00028,139.03,15.0
O00949,3,P00042,S00051,117.62,26.71
O00950,1,P00090,S00058,104.2,20.78
O00951,1,P00123,S00013,73.45,19.47
O00952,1,P00041,S00076,81.39,36.3
O00953,1,P00065,S00003,14.22,29.32
O00953,2,P00056,S00000,50.33,9.97
O00954,1,P00142,S00049,44.42,17.84
O00955,1,P00016,S00036,57.56,12.15
O00956,1,P00068,S00010,67.98,22.6
O00957,1,P00131,S00063,158.23,43.64
O00958,1,P00135,S00054,60.48,38.77
O00959,1,P00053,S00064,86.06,7.34
O00960,1,P00093,S00050,74.59,16.06
O00960,2,P00060,S00056,26.63,29.41
O00961,1,P00106,S00051,85.32,7.56
O00962,1,P00035,S00079,24.41,35.64
O00963,1,P00071,S00049,51.55,39.76
O00964,1,P00089,S00065,37.54,30.21
O00965,1,P00083,S00071,65.85,29.72
O00966,1,P00043,S00029,41.23,9.58
O00967,1,P00053,S00010,18.14,32.38
O00968,1,P00137,S00013,68.16,28.2
O00968,2,P00065,S00005,33.42,6.68
O00969,1,P00079,S00057,72.52,7.43
O00969,2,P00149,S00071,58.88,33.58
O00970,1,P00074,S00003,44.89,15.3
O00971,1,P00057,S00044,53.31,39.3
O00972,1,P00045,S00027,59.54,33.73
O00973,1,P00139,S00078,68.25,18.99
O00974,1,P00009,S00005,10.34,22.75
O00975,1,P00020,S00042,41.92,14.48
O00976,1,P00010,S00025,71.7,19.85
O00977,1,P00030,S00037,80.06,21.64
O00977,2,P00121,S00069,20.51,30.68
O00978,1,P00111,S00042,193.95,10.72
O00978,2,P00106,S00005,51.27,18.06
O00979,1,P00028,S00042,226.29,18.4
O00979,2,P00019,S00001,25.59,21.33
O00980,1,P00046,S00065,53.55,23.83
O00981,1,P00134,S00028,111.45,29.88
O00981,2,P00026,S00020,179.31,11.41
O00981,3,P00117,S00036,131.42,6.78
O00982,1,P00099,S00053,44.67,41.47
O00982,2,P00051,S00000,54.26,6.02
O00983,1,P00038,S00038,29.27,37.32
O00984,1,P00077,S00034,53.7,36.23
O00985,1,P00075,S00027,63.38,28.26
O00986,1,P00022,S00008,21.78,13.59
O00987,1,P00033,S00042,83.23,6.3
O00987,2,P00105,S00056,12.43,34.05
O00988,1,P00093,S00074,151.46,44.91
O00989,1,P00147,S00054,107.36,8.09
O00990,1,P00015,S00077,102.81,13.98
O00990,2,P00134,S00041,131.26,25.14
O00991,1,P00057,S00075,53.62,26.93
O00992,1,P00068,S00051,109.29,34.32
O00993,1,P00077,S00072,32.28,26.11
O00993,2,P00128,S00014,32.69,7.06
O00994,1,P00078,S00033,67.9,25.98
O00995,1,P00115,S00047,74.75,15.77
O00996,1,P00005,S00045,64.9,16.72
O00996,2,P00148,S00006,34.31,14.76
O00997,1,P00088,S00022,146.1,35.71
O00998,1,P00004,S00048,60.04,23.23
O00999,1,P00102,S00033,16.55,9.62
O00999,2,P00056,S00000,136.5,14.64
