review_id,order_id,review_score,review_creation_date,review_answer_timestamp
R00000,O00000,4,2024-04-25 14:04:00,2024-04-25 23:04:00
R00001,O00001,5,2025-01-01 04:18:00,2025-01-01 08:18:00
R00002,O00002,5,2024-10-06 15:01:00,2024-10-07 04:01:00
R00003,O00003,3,2024-05-05 11:29:00,2024-05-06 02:29:00
R00004,O00004,3,2024-03-26 00:09:00,2024-03-26 17:09:00
R00005,O00005,5,2024-07-21 04:20:00,2024-07-23 14:20:00
R00006,O00006,4,2024-01-28 02:51:00,2024-01-30 19:51:00
R00007,O00007,3,2024-04-23 14:57:00,2024-04-24 09:57:00
R00008,O00008,5,2024-05-13 00:12:00,2024-05-13 03:12:00
R00009,O00009,3,2024-08-18 19:51:00,2024-08-21 15:51:00
R00010,O00010,5,2024-12-05 05:20:00,2024-12-08 01:20:00
R00011,O00011,5,2024-04-13 22:22:00,2024-04-16 20:22:00
R00012,O00012,3,2024-04-19 05:28:00,2024-04-21 05:28:00
R00013,O00013,3,2025-01-04 13:04:00,2025-01-05 18:04:00
R00014,O00014,5,2024-06-09 12:56:00,2024-06-12 10:56:00
R00015,O00015,5,2024-05-28 15:10:00,2024-05-29 17:10:00
R00016,O00016,4,2024-06-15 18:38:00,2024-06-17 08:38:00
R00017,O00017,4,2024-11-22 05:17:00,2024-11-24 18:17:00
R00018,O00018,4,2024-09-23 03:55:00,2024-09-24 18:55:00
R00019,O00019,1,2024-12-22 05:33:00,2024-12-25 05:33:00
R00020,O00020,5,2024-10-31 06:15:00,2024-10-31 15:15:00
R00021,O00021,2,2024-07-28 19:20:00,2024-07-29 13:20:00
R00022,O00022,3,2024-10-13 09:47:00,2024-10-14 17:47:00
R00023,O00023,4,2024-06-19 08:32:00,2024-06-21 14:32:00
R00024,O00024,4,2024-11-20 21:59:00,2024-11-22 05:59:00
R00025,O00025,5,2024-01-29 22:23:00,2024-01-31 03:23:00
R00026,O00026,5,2024-09-22 15:17:00,2024-09-23 09:17:00
R00027,O00027,5,2024-08-31 22:52:00,2024-09-01 18:52:00
R00028,O00028,3,2024-12-19 14:32:00,2024-12-21 02:32:00
R00029,O00029,5,2024-02-23 20:52:00,2024-02-24 12:52:00
R00030,O00030,5,2024-03-07 04:29:00,2024-03-09 17:29:00
R00031,O00031,3,2024-07-07 13:17:00,2024-07-09 04:17:00
R00032,O00032,5,2024-07-25 21:54:00,2024-07-26 17:54:00
R00033,O00033,2,2024-10-12 12:04:00,2024-10-13 23:04:00
R00034,O00034,5,2024-07-14 19:48:00,2024-07-16 20:48:00
R00035,O00035,5,2024-07-06 00:04:00,2024-07-06 15:04:00
R00036,O00036,5,2024-03-09 14:10:00,2024-03-10 12:10:00
R00037,O00037,5,2025-01-18 23:22:00,2025-01-20 13:22:00
R00038,O00038,3,2024-03-03 01:17:00,2024-03-03 13:17:00
R00039,O00039,5,2024-09-16 23:53:00,2024-09-18 06:53:00
R00040,O00040,5,2024-12-05 09:33:00,2024-12-07 17:33:00
R00041,O00041,4,2024-05-18 02:11:00,2024-05-19 14:11:00
R00042,O00042,5,2024-11-15 10:00:00,2024-11-16 19:00:00
R00043,O00043,5,2024-05-29 17:45:00,2024-05-31 23:45:00
R00044,O00044,5,2024-02-03 01:28:00,2024-02-04 23:28:00
R00045,O00045,2,2024-12-02 06:41:00,2024-12-04 21:41:00
R00046,O00046,4,2024-07-05 04:55:00,2024-07-06 09:55:00
R00047,O00047,5,2024-10-13 21:58:00,2024-10-14 11:58:00
R00048,O00048,5,2024-04-18 10:15:00,2024-04-21 10:15:00
R00049,O00049,5,2024-11-28 13:19:00,2024-12-01 08:19:00
R00050,O00050,5,2024-01-31 07:01:00,2024-01-31 13:01:00
R00051,O00051,5,2024-09-06 17:26:00,2024-09-07 06:26:00
R00052,O00052,2,2024-10-03 09:34:00,2024-10-05 08:34:00
R00053,O00053,5,2024-12-29 02:22:00,2024-12-31 05:22:00
R00054,O00054,5,2024-02-28 16:32:00,2024-03-01 13:32:00
R00055,O00055,5,2024-12-24 11:04:00,2024-12-26 22:04:00
R00056,O00056,5,2024-04-07 02:24:00,2024-04-09 06:24:00
R00057,O00057,5,2024-10-08 20:48:00,2024-10-09 00:48:00
R00058,O00058,3,2024-02-14 16:46:00,2024-02-14 20:46:00
R00059,O00059,5,2024-08-08 08:22:00,2024-08-08 21:22:00
R00060,O00060,4,2024-04-08 13:40:00,2024-04-08 17:40:00
R00061,O00061,5,2024-03-03 01:43:00,2024-03-04 23:43:00
R00062,O00062,5,2025-01-10 17:42:00,2025-01-12 15:42:00
R00063,O00063,5,2024-01-14 03:17:00,2024-01-15 15:17:00
R00064,O00064,4,2024-02-29 09:38:00,2024-03-02 03:38:00
R00065,O00065,4,2024-04-28 06:30:00,2024-04-29 03:30:00
R00066,O00066,3,2024-10-01 20:02:00,2024-10-04 00:02:00
R00067,O00067,5,2024-11-15 09:13:00,2024-11-18 01:13:00
R00068,O00068,5,2024-07-24 17:18:00,2024-07-26 15:18:00
R00069,O00069,5,2024-08-17 21:52:00,2024-08-19 14:52:00
R00070,O00070,5,2024-02-21 07:57:00,2024-02-21 19:57:00
R00071,O00071,5,2024-06-25 20:54:00,2024-06-28 12:54:00
R00072,O00072,5,2024-08-06 15:22:00,2024-08-07 17:22:00
R00073,O00073,4,2024-10-16 06:59:00,2024-10-18 03:59:00
R00074,O00074,4,2025-01-04 02:36:00,2025-01-06 01:36:00
R00075,O00075,5,2024-11-09 09:09:00,2024-11-11 03:09:00
R00076,O00076,1,2024-10-08 18:40:00,2024-10-10 10:40:00
R00077,O00077,5,2024-08-16 17:00:00,2024-08-19 17:00:00
R00078,O00078,5,2024-09-25 16:36:00,2024-09-26 02:36:00
R00079,O00079,3,2024-07-15 23:54:00,2024-07-18 03:54:00
R00080,O00080,5,2024-10-31 15:50:00,2024-11-02 11:50:00
R00081,O00081,5,2024-08-17 04:48:00,2024-08-17 22:48:00
R00082,O00082,5,2024-08-03 21:17:00,2024-08-05 11:17:00
R00083,O00083,5,2024-08-31 03:15:00,2024-09-01 21:15:00
R00084,O00084,5,2024-12-22 09:57:00,2024-12-22 15:57:00
R00085,O00085,4,2024-03-02 08:36:00,2024-03-03 20:36:00
R00086,O00086,1,2024-10-18 14:24:00,2024-10-19 19:24:00
R00087,O00087,4,2024-08-16 19:01:00,2024-08-19 04:01:00
R00088,O00088,5,2024-09-19 13:25:00,2024-09-20 08:25:00
R00089,O00089,1,2024-07-18 19:42:00,2024-07-18 22:42:00
R00090,O00090,5,2024-03-01 13:34:00,2024-03-03 22:34:00
R00091,O00091,4,2024-06-16 03:47:00,2024-06-18 08:47:00
R00092,O00092,3,2024-02-01 03:35:00,2024-02-03 05:35:00
R00093,O00093,5,2024-11-12 15:47:00,2024-11-14 01:47:00
R00094,O00094,4,2024-03-21 00:14:00,2024-03-22 07:14:00
R00095,O00095,4,2024-12-26 19:40:00,2024-12-27 05:40:00
R00096,O00096,5,2024-12-01 21:24:00,2024-12-03 15:24:00
R00097,O00097,5,2024-01-21 19:40:00,2024-01-24 16:40:00
R00098,O00098,5,2024-12-17 00:46:00,2024-12-19 17:46:00
R00099,O00099,5,2024-05-23 05:23:00,2024-05-23 19:23:00
R00100,O00100,5,2024-05-27 14:03:00,2024-05-29 11:03:00
R00101,O00101,5,2024-03-15 02:09:00,2024-03-17 14:09:00
R00102,O00102,4,2024-05-24 23:54:00,2024-05-27 10:54:00
R00103,O00103,5,2024-04-10 01:34:00,2024-04-12 09:34:00
R00104,O00104,2,2024-06-21 10:26:00,2024-06-21 13:26:00
R00105,O00105,5,2024-10-21 12:34:00,2024-10-23 09:34:00
R00106,O00106,4,2024-09-26 21:55:00,2024-09-27 06:55:00
R00107,O00107,5,2024-08-25 13:13:00,2024-08-27 01:13:00
R00108,O00108,5,2024-02-15 21:46:00,2024-02-18 12:46:00
R00109,O00109,4,2024-02-06 01:08:00,2024-02-08 04:08:00
R00110,O00110,3,2024-06-02 00:10:00,2024-06-03 16:10:00
R00111,O00111,5,2024-08-02 21:17:00,2024-08-04 16:17:00
R00112,O00112,3,2024-12-11 14:31:00,2024-12-12 09:31:00
R00113,O00113,5,2024-10-09 09:09:00,2024-10-09 10:09:00
R00114,O00114,5,2024-02-08 19:17:00,2024-02-10 17:17:00
R00115,O00115,5,2024-02-24 11:51:00,2024-02-24 20:51:00
R00116,O00116,5,2024-03-12 00:22:00,2024-03-13 01:22:00
R00117,O00117,4,2024-08-13 13:34:00,2024-08-14 13:34:00
R00118,O00118,1,2024-11-08 05:45:00,2024-11-08 21:45:00
R00119,O00119,4,2024-04-16 05:01:00,2024-04-18 09:01:00
R00120,O00120,5,2024-07-07 06:02:00,2024-07-09 11:02:00
R00121,O00121,4,2025-01-14 06:35:00,2025-01-15 00:35:00
R00122,O00122,5,2024-08-11 03:37:00,2024-08-11 16:37:00
R00123,O00123,4,2024-02-14 02:20:00,2024-02-16 10:20:00
R00124,O00124,5,2024-09-03 15:57:00,2024-09-04 03:57:00
R00125,O00125,3,2024-04-27 20:33:00,2024-04-28 22:33:00
R00126,O00126,3,2024-05-17 16:24:00,2024-05-19 12:24:00
R00127,O00127,4,2024-09-21 16:32:00,2024-09-24 12:32:00
R00128,O00128,4,2024-01-11 13:47:00,2024-01-14 13:47:00
R00129,O00129,2,2024-08-21 11:22:00,2024-08-22 00:22:00
R00130,O00130,3,2024-09-16 16:43:00,2024-09-16 17:43:00
R00131,O00131,4,2025-01-07 05:55:00,2025-01-07 09:55:00
R00132,O00132,5,2024-10-25 16:47:00,2024-10-26 01:47:00
R00133,O00133,5,2024-08-05 22:27:00,2024-08-08 14:27:00
R00134,O00134,3,2024-01-26 19:16:00,2024-01-28 16:16:00
R00135,O00135,2,2024-12-20 14:47:00,2024-12-22 14:47:00
R00136,O00136,5,2024-03-01 02:06:00,2024-03-02 01:06:00
R00137,O00137,4,2024-07-16 18:49:00,2024-07-16 22:49:00
R00138,O00138,5,2024-03-11 16:48:00,2024-03-13 08:48:00
R00139,O00139,5,2024-12-25 10:03:00,2024-12-27 07:03:00
R00140,O00140,5,2024-08-28 23:21:00,2024-08-29 12:21:00
R00141,O00141,4,2024-09-06 16:53:00,2024-09-08 12:53:00
R00142,O00142,5,2024-03-09 00:50:00,2024-03-11 10:50:00
R00143,O00143,5,2024-04-12 17:32:00,2024-04-14 13:32:00
R00144,O00144,4,2024-08-18 21:59:00,2024-08-20 04:59:00
R00145,O00145,5,2024-09-07 22:00:00,2024-09-08 23:00:00
R00146,O00146,5,2024-08-30 12:58:00,2024-09-01 10:58:00
R00147,O00147,2,2024-06-11 23:50:00,2024-06-12 12:50:00
R00148,O00148,5,2024-06-26 13:33:00,2024-06-28 07:33:00
R00149,O00149,5,2024-02-15 23:48:00,2024-02-18 21:48:00
R00150,O00150,5,2024-02-19 22:49:00,2024-02-21 16:49:00
R00151,O00151,3,2024-01-24 06:59:00,2024-01-25 20:59:00
R00152,O00152,5,2024-06-26 20:05:00,2024-06-29 00:05:00
R00153,O00153,4,2024-11-29 16:22:00,2024-12-02 07:22:00
R00154,O00154,1,2024-07-13 13:44:00,2024-07-15 07:44:00
R00155,O00155,5,2024-09-16 17:04:00,2024-09-18 09:04:00
R00156,O00156,4,2024-04-09 09:26:00,2024-04-09 17:26:00
R00157,O00157,5,2024-10-16 06:10:00,2024-10-17 07:10:00
R00158,O00158,5,2024-03-20 15:35:00,2024-03-23 13:35:00
R00159,O00159,3,2024-07-03 11:00:00,2024-07-03 18:00:00
R00160,O00160,5,2024-02-20 16:08:00,2024-02-22 07:08:00
R00161,O00161,4,2024-03-18 22:12:00,2024-03-21 19:12:00
R00162,O00162,2,2024-05-31 19:20:00,2024-06-03 13:20:00
R00163,O00163,5,2024-10-20 03:21:00,2024-10-22 21:21:00
R00164,O00164,4,2024-02-03 05:12:00,2024-02-04 09:12:00
R00165,O00165,2,2024-04-27 01:56:00,2024-04-28 06:56:00
R00166,O00166,5,2024-02-20 15:36:00,2024-02-21 18:36:00
R00167,O00167,4,2024-12-10 09:34:00,2024-12-10 15:34:00
R00168,O00168,5,2024-10-23 04:03:00,2024-10-23 19:03:00
R00169,O00169,5,2024-12-01 08:56:00,2024-12-02 15:56:00
R00170,O00170,5,2024-05-22 01:14:00,2024-05-23 00:14:00
R00171,O00171,5,2024-12-25 06:25:00,2024-12-27 06:25:00
R00172,O00172,5,2024-09-04 20:33:00,2024-09-05 02:33:00
R00173,O00173,3,2024-07-20 07:54:00,2024-07-21 17:54:00
R00174,O00174,5,2024-08-30 06:57:00,2024-08-31 22:57:00
R00175,O00175,3,2024-10-22 05:46:00,2024-10-24 10:46:00
R00176,O00176,5,2024-05-18 10:39:00,2024-05-20 15:39:00
R00177,O00177,4,2024-05-06 15:38:00,2024-05-09 06:38:00
R00178,O00178,4,2024-08-25 15:54:00,2024-08-27 18:54:00
R00179,O00179,1,2024-10-04 14:35:00,2024-10-05 07:35:00
R00180,O00180,5,2025-01-05 12:42:00,2025-01-05 22:42:00
R00181,O00181,5,2024-07-24 20:02:00,2024-07-25 17:02:00
R00182,O00182,5,2024-06-05 20:05:00,2024-06-06 05:05:00
R00183,O00183,3,2024-11-28 11:03:00,2024-11-29 09:03:00
R00184,O00184,5,2024-06-26 00:24:00,2024-06-28 03:24:00
R00185,O00185,4,2024-08-26 20:03:00,2024-08-28 09:03:00
R00186,O00186,5,2024-11-15 11:49:00,2024-11-16 01:49:00
R00187,O00187,5,2024-09-07 19:44:00,2024-09-08 21:44:00
R00188,O00188,5,2024-07-10 02:56:00,2024-07-11 04:56:00
R00189,O00189,3,2024-06-06 04:44:00,2024-06-08 17:44:00
R00190,O00190,4,2024-11-18 01:02:00,2024-11-19 07:02:00
R00191,O00191,1,2024-06-25 16:42:00,2024-06-26 16:42:00
R00192,O00192,2,2024-04-12 11:01:00,2024-04-13 18:01:00
R00193,O00193,4,2024-09-05 11:05:00,2024-09-07 20:05:00
R00194,O00194,5,2024-07-17 02:35:00,2024-07-17 08:35:00
R00195,O00195,5,2024-05-03 17:52:00,2024-05-04 20:52:00
R00196,O00196,5,2024-11-19 16:06:00,2024-11-19 18:06:00
R00197,O00197,5,2024-03-07 14:08:00,2024-03-08 23:08:00
R00198,O00198,5,2024-10-10 18:27:00,2024-10-13 06:27:00
R00199,O00199,3,2024-10-27 23:04:00,2024-10-30 02:04:00
R00200,O00200,4,2024-05-06 11:28:00,2024-05-09 04:28:00
R00201,O00201,2,2024-04-20 02:27:00,2024-04-21 03:27:00
R00202,O00202,4,2024-05-11 05:41:00,2024-05-11 09:41:00
R00203,O00203,5,2024-03-28 07:55:00,2024-03-29 15:55:00
R00204,O00204,5,2024-07-19 18:06:00,2024-07-22 18:06:00
R00205,O00205,3,2024-05-07 23:03:00,2024-05-08 07:03:00
R00206,O00206,2,2024-01-09 09:20:00,2024-01-11 14:20:00
R00207,O00207,4,2024-05-14 05:26:00,2024-05-15 03:26:00
R00208,O00208,5,2024-08-22 19:24:00,2024-08-24 19:24:00
R00209,O00209,1,2024-03-02 16:29:00,2024-03-03 22:29:00
R00210,O00210,1,2024-12-13 03:34:00,2024-12-13 11:34:00
R00211,O00211,5,2024-08-19 07:14:00,2024-08-20 12:14:00
R00212,O00212,5,2024-08-18 15:51:00,2024-08-21 13:51:00
R00213,O00213,2,2024-05-25 12:02:00,2024-05-27 14:02:00
R00214,O00214,4,2024-05-26 22:21:00,2024-05-29 08:21:00
R00215,O00215,5,2024-03-05 00:31:00,2024-03-07 15:31:00
R00216,O00216,5,2024-07-06 11:09:00,2024-07-08 22:09:00
R00217,O00217,4,2024-08-14 04:44:00,2024-08-16 15:44:00
R00218,O00218,5,2024-06-24 22:08:00,2024-06-26 03:08:00
R00219,O00219,3,2024-07-26 07:08:00,2024-07-28 09:08:00
R00220,O00220,5,2024-09-13 04:45:00,2024-09-15 04:45:00
R00221,O00221,5,2024-12-07 19:27:00,2024-12-09 10:27:00
R00222,O00222,3,2024-08-09 17:22:00,2024-08-11 22:22:00
R00223,O00223,5,2024-07-14 00:17:00,2024-07-16 04:17:00
R00224,O00224,3,2024-05-18 12:48:00,2024-05-19 15:48:00
R00225,O00225,5,2024-09-29 09:49:00,2024-10-01 15:49:00
R00226,O00226,4,2024-11-08 23:14:00,2024-11-11 08:14:00
R00227,O00227,5,2024-10-25 19:58:00,2024-10-27 18:58:00
R00228,O00228,4,2024-12-07 16:49:00,2024-12-08 10:49:00
R00229,O00229,5,2024-04-18 03:13:00,2024-04-19 11:13:00
R00230,O00230,3,2024-07-27 08:21:00,2024-07-28 09:21:00
R00231,O00231,5,2024-09-12 16:27:00,2024-09-15 04:27:00
R00232,O00232,5,2024-06-10 18:56:00,2024-06-12 18:56:00
R00233,O00233,5,2024-04-17 01:53:00,2024-04-19 04:53:00
R00234,O00234,3,2024-07-27 20:45:00,2024-07-30 18:45:00
R00235,O00235,5,2024-05-17 15:46:00,2024-05-19 20:46:00
R00236,O00236,2,2024-07-16 13:50:00,2024-07-18 09:50:00
R00237,O00237,5,2024-12-01 21:27:00,2024-12-03 23:27:00
R00238,O00238,5,2025-01-01 15:24:00,2025-01-02 15:24:00
R00239,O00239,5,2024-09-20 00:54:00,2024-09-21 03:54:00
R00240,O00240,4,2024-06-06 13:19:00,2024-06-08 00:19:00
R00241,O00241,5,2024-09-17 12:57:00,2024-09-19 16:57:00
R00242,O00242,5,2024-12-22 02:41:00,2024-12-22 22:41:00
R00243,O00243,4,2024-06-14 23:23:00,2024-06-16 07:23:00
R00244,O00244,5,2024-06-05 01:26:00,2024-06-07 16:26:00
R00245,O00245,4,2024-12-23 00:54:00,2024-12-23 13:54:00
R00246,O00246,5,2024-07-24 20:01:00,2024-07-24 23:01:00
R00247,O00247,1,2024-11-09 23:34:00,2024-11-11 18:34:00
R00248,O00248,5,2024-05-22 22:52:00,2024-05-24 20:52:00
R00249,O00249,3,2024-02-17 17:11:00,2024-02-18 21:11:00
R00250,O00250,4,2024-12-10 13:52:00,2024-12-12 12:52:00
R00251,O00251,5,2025-01-09 05:12:00,2025-01-11 15:12:00
R00252,O00252,4,2024-05-18 12:38:00,2024-05-20 02:38:00
R00253,O00253,4,2024-10-03 07:22:00,2024-10-04 03:22:00
R00254,O00254,3,2024-06-07 05:27:00,2024-06-10 02:27:00
R00255,O00255,5,2024-11-11 17:57:00,2024-11-12 14:57:00
R00256,O00256,5,2024-04-28 12:40:00,2024-04-30 00:40:00
R00257,O00257,5,2024-10-01 21:02:00,2024-10-02 12:02:00
R00258,O00258,5,2024-09-17 20:52:00,2024-09-20 05:52:00
R00259,O00259,2,2024-05-29 09:38:00,2024-05-30 03:38:00
R00260,O00260,5,2024-12-31 17:54:00,2025-01-02 18:54:00
R00261,O00261,4,2024-04-26 16:46:00,2024-04-28 15:46:00
R00262,O00262,5,2024-03-10 21:27:00,2024-03-13 07:27:00
R00263,O00263,5,2024-01-22 01:35:00,2024-01-23 22:35:00
R00264,O00264,5,2024-11-06 18:31:00,2024-11-08 18:31:00
R00265,O00265,2,2024-09-19 18:21:00,2024-09-21 09:21:00
R00266,O00266,5,2024-05-28 21:51:00,2024-05-29 12:51:00
R00267,O00267,5,2024-02-17 19:03:00,2024-02-19 13:03:00
R00268,O00268,4,2024-06-15 13:33:00,2024-06-17 11:33:00
R00269,O00269,5,2024-01-29 08:10:00,2024-01-29 11:10:00
R00270,O00270,5,2024-09-07 07:31:00,2024-09-08 05:31:00
R00271,O00271,4,2024-04-21 02:44:00,2024-04-22 03:44:00
R00272,O00272,4,2024-05-31 03:01:00,2024-06-02 18:01:00
R00273,O00273,4,2024-11-09 07:48:00,2024-11-09 14:48:00
R00274,O00274,5,2024-08-09 15:09:00,2024-08-11 01:09:00
R00275,O00275,4,2024-05-28 12:14:00,2024-05-30 08:14:00
R00276,O00276,1,2024-06-19 13:42:00,2024-06-20 00:42:00
R00277,O00277,4,2024-02-29 15:43:00,2024-03-01 08:43:00
R00278,O00278,5,2024-05-04 00:06:00,2024-05-04 03:06:00
R00279,O00279,4,2024-06-20 05:29:00,2024-06-22 18:29:00
R00280,O00280,4,2024-05-01 12:54:00,2024-05-02 23:54:00
R00281,O00281,5,2024-03-30 02:30:00,2024-04-01 01:30:00
R00282,O00282,5,2024-05-10 18:28:00,2024-05-12 23:28:00
R00283,O00283,5,2024-04-22 02:26:00,2024-04-23 23:26:00
R00284,O00284,5,2024-12-16 23:24:00,2024-12-19 14:24:00
R00285,O00285,4,2024-09-17 15:14:00,2024-09-20 01:14:00
R00286,O00286,5,2024-08-21 21:48:00,2024-08-23 14:48:00
R00287,O00287,5,2024-04-29 11:39:00,2024-04-29 14:39:00
R00288,O00288,5,2024-04-16 01:21:00,2024-04-17 09:21:00
R00289,O00289,2,2024-06-17 08:33:00,2024-06-17 17:33:00
R00290,O00290,3,2024-12-26 13:34:00,2024-12-27 01:34:00
R00291,O00291,5,2025-01-05 11:48:00,2025-01-05 13:48:00
R00292,O00292,5,2024-12-18 12:25:00,2024-12-18 22:25:00
R00293,O00293,3,2024-07-31 17:02:00,2024-08-02 12:02:00
R00294,O00294,5,2024-11-13 23:29:00,2024-11-14 15:29:00
R00295,O00295,2,2024-06-20 11:46:00,2024-06-21 13:46:00
R00296,O00296,5,2024-08-02 07:50:00,2024-08-03 07:50:00
R00297,O00297,2,2024-06-24 19:02:00,2024-06-24 20:02:00
R00298,O00298,4,2024-06-21 06:35:00,2024-06-22 09:35:00
R00299,O00299,1,2024-03-15 04:20:00,2024-03-17 06:20:00
R00300,O00300,4,2024-10-26 13:24:00,2024-10-29 02:24:00
R00301,O00301,5,2024-10-23 15:33:00,2024-10-24 15:33:00
R00302,O00302,4,2024-11-05 21:19:00,2024-11-08 06:19:00
R00303,O00303,3,2024-05-19 15:04:00,2024-05-20 02:04:00
R00304,O00304,3,2024-07-24 20:49:00,2024-07-26 06:49:00
R00305,O00305,3,2024-05-18 17:56:00,2024-05-19 09:56:00
R00306,O00306,5,2024-02-09 15:39:00,2024-02-10 16:39:00
R00307,O00307,3,2024-07-09 14:13:00,2024-07-10 20:13:00
R00308,O00308,3,2024-02-05 23:07:00,2024-02-08 04:07:00
R00309,O00309,4,2024-09-08 21:43:00,2024-09-10 01:43:00
R00310,O00310,4,2024-06-22 09:52:00,2024-06-23 16:52:00
R00311,O00311,5,2024-02-20 11:53:00,2024-02-22 00:53:00
R00312,O00312,5,2024-08-24 19:41:00,2024-08-25 03:41:00
R00313,O00313,2,2025-01-15 10:31:00,2025-01-15 18:31:00
R00314,O00314,5,2024-03-09 00:58:00,2024-03-09 11:58:00
R00315,O00315,5,2024-10-09 02:07:00,2024-10-09 04:07:00
R00316,O00316,5,2024-10-16 12:15:00,2024-10-18 05:15:00
R00317,O00317,5,2024-02-12 12:00:00,2024-02-12 21:00:00
R00318,O00318,5,2024-08-28 18:58:00,2024-08-31 04:58:00
R00319,O00319,4,2024-10-23 20:32:00,2024-10-25 20:32:00
R00320,O00320,4,2024-11-01 08:45:00,2024-11-03 01:45:00
R00321,O00321,5,2024-04-17 08:40:00,2024-04-18 14:40:00
R00322,O00322,5,2024-10-16 09:11:00,2024-10-18 07:11:00
R00323,O00323,4,2024-12-01 03:56:00,2024-12-02 21:56:00
R00324,O00324,5,2024-11-16 21:44:00,2024-11-19 09:44:00
R00325,O00325,5,2024-06-14 23:02:00,2024-06-17 09:02:00
R00326,O00326,3,2024-01-21 20:24:00,2024-01-24 02:24:00
R00327,O00327,5,2024-02-13 21:41:00,2024-02-15 14:41:00
R00328,O00328,4,2024-07-19 20:58:00,2024-07-22 00:58:00
R00329,O00329,4,2024-03-07 08:13:00,2024-03-08 07:13:00
R00330,O00330,3,2024-01-27 00:03:00,2024-01-28 04:03:00
R00331,O00331,2,2024-07-07 11:05:00,2024-07-10 00:05:00
R00332,O00332,3,2024-08-22 07:21:00,2024-08-23 09:21:00
R00333,O00333,1,2024-06-23 00:28:00,2024-06-23 21:28:00
R00334,O00334,4,2024-02-28 18:52:00,2024-03-01 00:52:00
R00335,O00335,3,2024-01-26 10:09:00,2024-01-28 18:09:00
R00336,O00336,4,2024-04-18 13:24:00,2024-04-21 04:24:00
R00337,O00337,5,2024-08-26 01:14:00,2024-08-27 23:14:00
R00338,O00338,5,2024-02-13 13:57:00,2024-02-15 07:57:00
R00339,O00339,5,2024-10-20 19:29:00,2024-10-21 14:29:00
R00340,O00340,3,2025-01-03 02:07:00,2025-01-04 06:07:00
R00341,O00341,4,2024-11-02 00:41:00,2024-11-03 16:41:00
R00342,O00342,5,2024-07-14 22:59:00,2024-07-16 14:59:00
R00343,O00343,5,2024-04-22 00:40:00,2024-04-22 16:40:00
R00344,O00344,5,2024-04-22 15:33:00,2024-04-24 11:33:00
R00345,O00345,5,2024-07-15 00:33:00,2024-07-17 00:33:00
R00346,O00346,5,2024-05-15 17:20:00,2024-05-16 02:20:00
R00347,O00347,1,2024-07-25 19:36:00,2024-07-28 01:36:00
R00348,O00348,4,2024-09-24 16:37:00,2024-09-25 22:37:00
R00349,O00349,5,2024-06-24 23:21:00,2024-06-27 12:21:00
R00350,O00350,5,2024-09-27 09:47:00,2024-09-29 04:47:00
R00351,O00351,5,2024-11-27 05:41:00,2024-11-28 23:41:00
R00352,O00352,5,2024-05-19 00:26:00,2024-05-20 07:26:00
R00353,O00353,5,2024-01-30 21:50:00,2024-02-02 12:50:00
R00354,O00354,5,2024-10-12 10:45:00,2024-10-14 03:45:00
R00355,O00355,4,2024-08-18 12:10:00,2024-08-20 14:10:00
R00356,O00356,5,2024-03-09 02:47:00,2024-03-09 13:47:00
R00357,O00357,5,2024-03-17 10:09:00,2024-03-18 21:09:00
R00358,O00358,2,2024-12-05 04:27:00,2024-12-06 05:27:00
R00359,O00359,5,2025-01-07 13:40:00,2025-01-08 08:40:00
R00360,O00360,4,2024-06-28 07:34:00,2024-06-30 20:34:00
R00361,O00361,4,2024-10-11 15:05:00,2024-10-13 09:05:00
R00362,O00362,4,2024-05-13 23:44:00,2024-05-16 23:44:00
R00363,O00363,3,2024-10-27 15:21:00,2024-10-29 08:21:00
R00364,O00364,4,2024-12-22 16:20:00,2024-12-25 13:20:00
R00365,O00365,3,2024-06-10 11:41:00,2024-06-11 03:41:00
R00366,O00366,4,2024-05-12 10:33:00,2024-05-13 11:33:00
R00367,O00367,5,2024-06-17 02:09:00,2024-06-18 10:09:00
R00368,O00368,5,2024-10-17 16:59:00,2024-10-17 18:59:00
R00369,O00369,4,2024-04-24 23:06:00,2024-04-25 18:06:00
R00370,O00370,4,2024-10-30 13:38:00,2024-11-01 19:38:00
R00371,O00371,2,2024-09-21 11:32:00,2024-09-22 06:32:00
R00372,O00372,4,2024-07-11 21:55:00,2024-07-14 21:55:00
R00373,O00373,3,2024-02-27 23:14:00,2024-02-29 16:14:00
R00374,O00374,2,2024-07-01 13:13:00,2024-07-04 00:13:00
R00375,O00375,4,2024-09-22 00:28:00,2024-09-23 13:28:00
R00376,O00376,3,2024-02-04 02:28:00,2024-02-05 20:28:00
R00377,O00377,5,2024-12-28 21:59:00,2024-12-29 04:59:00
R00378,O00378,5,2024-11-21 00:10:00,2024-11-23 00:10:00
R00379,O00379,3,2024-01-30 11:15:00,2024-02-02 10:15:00
R00380,O00380,1,2024-11-29 18:56:00,2024-12-01 12:56:00
R00381,O00381,4,2024-11-23 03:06:00,2024-11-23 08:06:00
R00382,O00382,5,2024-02-20 13:26:00,2024-02-20 19:26:00
R00383,O00383,5,2024-06-27 12:23:00,2024-06-28 05:23:00
R00384,O00384,4,2024-01-27 20:50:00,2024-01-28 14:50:00
R00385,O00385,3,2024-11-26 22:13:00,2024-11-28 05:13:00
R00386,O00386,2,2024-10-06 01:37:00,2024-10-07 23:37:00
R00387,O00387,4,2024-06-08 00:54:00,2024-06-09 20:54:00
R00388,O00388,5,2024-06-11 10:22:00,2024-06-13 14:22:00
R00389,O00389,5,2024-04-19 11:03:00,2024-04-21 14:03:00
R00390,O00390,5,2024-12-26 12:37:00,2024-12-27 15:37:00
R00391,O00391,4,2024-11-25 06:45:00,2024-11-26 16:45:00
R00392,O00392,3,2024-10-20 01:08:00,2024-10-23 01:08:00
R00393,O00393,1,2024-08-14 22:15:00,2024-08-17 12:15:00
R00394,O00394,1,2024-12-19 21:52:00,2024-12-21 03:52:00
R00395,O00395,5,2024-02-29 12:30:00,2024-03-03 05:30:00
R00396,O00396,4,2024-06-18 19:31:00,2024-06-20 22:31:00
R00397,O00397,1,2024-07-18 21:07:00,2024-07-21 13:07:00
R00398,O00398,1,2024-03-21 15:57:00,2024-03-24 14:57:00
R00399,O00399,2,2024-07-19 06:04:00,2024-07-19 11:04:00
R00400,O00400,3,2024-05-24 08:01:00,2024-05-24 09:01:00
R00401,O00401,4,2024-06-05 03:20:00,2024-06-07 03:20:00
R00402,O00402,4,2024-11-19 02:33:00,2024-11-21 05:33:00
R00403,O00403,3,2024-03-03 01:12:00,2024-03-04 14:12:00
R00404,O00404,4,2024-12-23 11:52:00,2024-12-26 05:52:00
R00405,O00405,4,2024-11-11 04:55:00,2024-11-12 13:55:00
R00406,O00406,4,2024-07-13 17:20:00,2024-07-15 03:20:00
R00407,O00407,4,2024-07-02 20:40:00,2024-07-05 06:40:00
R00408,O00408,1,2024-12-08 01:00:00,2024-12-09 04:00:00
R00409,O00409,3,2024-10-03 15:38:00,2024-10-05 17:38:00
R00410,O00410,5,2024-03-05 00:41:00,2024-03-06 02:41:00
R00411,O00411,5,2024-04-24 00:24:00,2024-04-25 04:24:00
R00412,O00412,5,2024-10-04 17:42:00,2024-10-06 16:42:00
R00413,O00413,4,2024-03-05 02:10:00,2024-03-06 11:10:00
R00414,O00414,3,2024-03-05 20:52:00,2024-03-07 12:52:00
R00415,O00415,1,2024-04-27 01:47:00,2024-04-28 20:47:00
R00416,O00416,3,2024-01-22 02:51:00,2024-01-23 20:51:00
R00417,O00417,4,2024-04-29 01:41:00,2024-04-29 23:41:00
R00418,O00418,5,2024-08-03 14:25:00,2024-08-06 14:25:00
R00419,O00419,5,2024-09-30 08:43:00,2024-09-30 18:43:00
R00420,O00420,5,2025-01-04 04:34:00,2025-01-04 08:34:00
R00421,O00421,5,2024-12-20 17:47:00,2024-12-22 05:47:00
R00422,O00422,5,2024-03-01 13:36:00,2024-03-03 22:36:00
R00423,O00423,4,2024-12-30 15:56:00,2024-12-31 04:56:00
R00424,O00424,2,2024-11-17 17:20:00,2024-11-18 18:20:00
R00425,O00425,5,2024-11-19 05:29:00,2024-11-19 15:29:00
R00426,O00426,4,2024-05-28 00:11:00,2024-05-29 15:11:00
R00427,O00427,5,2024-10-03 22:21:00,2024-10-05 13:21:00
R00428,O00428,3,2024-05-22 03:35:00,2024-05-23 06:35:00
R00429,O00429,3,2024-04-20 05:38:00,2024-04-22 18:38:00
R00430,O00430,3,2024-06-14 11:00:00,2024-06-14 23:00:00
R00431,O00431,5,2024-06-14 18:24:00,2024-06-17 18:24:00
R00432,O00432,4,2024-05-29 06:13:00,2024-05-31 20:13:00
R00433,O00433,2,2024-05-08 16:15:00,2024-05-09 20:15:00
R00434,O00434,2,2024-12-01 11:49:00,2024-12-01 15:49:00
R00435,O00435,1,2024-10-19 20:23:00,2024-10-22 08:23:00
R00436,O00436,4,2024-04-06 07:45:00,2024-04-06 13:45:00
R00437,O00437,5,2024-03-11 18:32:00,2024-03-13 07:32:00
R00438,O00438,5,2024-12-22 21:31:00,2024-12-24 08:31:00
R00439,O00439,1,2024-08-29 08:08:00,2024-08-30 09:08:00
R00440,O00440,3,2024-05-15 00:46:00,2024-05-15 01:46:00
R00441,O00441,5,2024-11-19 21:51:00,2024-11-22 05:51:00
R00442,O00442,5,2024-10-25 12:57:00,2024-10-26 18:57:00
R00443,O00443,5,2024-05-12 17:19:00,2024-05-14 06:19:00
R00444,O00444,4,2024-05-24 11:50:00,2024-05-26 22:50:00
R00445,O00445,5,2024-03-08 06:40:00,2024-03-10 06:40:00
R00446,O00446,5,2024-05-17 16:20:00,2024-05-20 15:20:00
R00447,O00447,5,2024-01-16 18:29:00,2024-01-18 15:29:00
R00448,O00448,4,2024-09-12 04:09:00,2024-09-14 04:09:00
R00449,O00449,4,2024-11-01 06:30:00,2024-11-02 20:30:00
R00450,O00450,3,2024-04-25 05:34:00,2024-04-28 03:34:00
R00451,O00451,4,2024-05-23 10:28:00,2024-05-23 22:28:00
R00452,O00452,5,2024-05-06 02:16:00,2024-05-07 21:16:00
R00453,O00453,5,2024-03-07 14:42:00,2024-03-10 00:42:00
R00454,O00454,5,2024-04-08 11:27:00,2024-04-08 17:27:00
R00455,O00455,4,2024-09-02 13:46:00,2024-09-04 09:46:00
R00456,O00456,5,2024-10-08 12:06:00,2024-10-09 06:06:00
R00457,O00457,5,2024-07-18 09:53:00,2024-07-20 12:53:00
R00458,O00458,2,2024-07-28 20:46:00,2024-07-29 11:46:00
R00459,O00459,5,2024-03-15 16:29:00,2024-03-18 11:29:00
R00460,O00460,2,2024-10-09 06:11:00,2024-10-10 15:11:00
R00461,O00461,5,2024-12-24 15:34:00,2024-12-25 21:34:00
R00462,O00462,5,2024-09-18 16:34:00,2024-09-21 07:34:00
R00463,O00463,2,2024-04-01 06:41:00,2024-04-04 05:41:00
R00464,O00464,5,2024-06-19 10:14:00,2024-06-20 15:14:00
R00465,O00465,5,2024-06-10 21:36:00,2024-06-11 11:36:00
R00466,O00466,3,2024-04-14 19:42:00,2024-04-15 15:42:00
R00467,O00467,5,2024-07-14 19:35:00,2024-07-14 20:35:00
R00468,O00468,5,2024-10-19 16:34:00,2024-10-22 08:34:00
R00469,O00469,3,2024-08-14 10:19:00,2024-08-16 02:19:00
R00470,O00470,4,2024-03-26 03:07:00,2024-03-27 18:07:00
R00471,O00471,5,2024-02-24 18:41:00,2024-02-25 19:41:00
R00472,O00472,1,2024-04-08 02:10:00,2024-04-09 16:10:00
R00473,O00473,3,2024-09-04 13:24:00,2024-09-04 23:24:00
R00474,O00474,2,2024-08-10 19:54:00,2024-08-11 11:54:00
R00475,O00475,4,2024-08-21 15:35:00,2024-08-23 19:35:00
R00476,O00476,1,2024-12-20 16:25:00,2024-12-22 12:25:00
R00477,O00477,4,2024-02-19 03:02:00,2024-02-20 18:02:00
R00478,O00478,4,2024-04-29 16:22:00,2024-04-29 22:22:00
R00479,O00479,5,2024-10-21 06:03:00,2024-10-23 22:03:00
R00480,O00480,4,2024-09-15 00:38:00,2024-09-16 09:38:00
R00481,O00481,5,2024-08-26 08:16:00,2024-08-29 05:16:00
R00482,O00482,5,2025-01-09 22:52:00,2025-01-11 19:52:00
R00483,O00483,5,2024-02-12 16:21:00,2024-02-12 20:21:00
R00484,O00484,4,2024-09-26 15:20:00,2024-09-27 03:20:00
R00485,O00485,4,2024-01-17 23:40:00,2024-01-18 10:40:00
R00486,O00486,4,2024-09-10 12:01:00,2024-09-12 23:01:00
R00487,O00487,4,2024-12-05 19:44:00,2024-12-07 02:44:00
R00488,O00488,5,2024-04-29 00:15:00,2024-04-29 05:15:00
R00489,O00489,4,2024-11-04 08:12:00,2024-11-05 12:12:00
R00490,O00490,5,2024-07-06 18:51:00,2024-07-06 20:51:00
R00491,O00491,5,2024-08-15 14:53:00,2024-08-18 07:53:00
R00492,O00492,4,2024-09-16 05:10:00,2024-09-18 17:10:00
R00493,O00493,4,2024-06-12 12:18:00,2024-06-15 09:18:00
R00494,O00494,5,2024-04-11 19:53:00,2024-04-13 04:53:00
R00495,O00495,5,2024-10-03 09:05:00,2024-10-04 08:05:00
R00496,O00496,5,2024-12-04 06:53:00,2024-12-05 03:53:00
R00497,O00497,1,2024-01-19 04:10:00,2024-01-21 11:10:00
R00498,O00498,2,2024-01-25 12:38:00,2024-01-25 22:38:00
R00499,O00499,3,2024-10-26 19:24:00,2024-10-28 03:24:00
R00500,O00500,1,2024-12-11 21:37:00,2024-12-13 22:37:00
R00501,O00501,1,2024-09-13 23:59:00,2024-09-15 04:59:00
R00502,O00502,4,2024-10-04 17:42:00,2024-10-05 23:42:00
R00503,O00503,5,2024-06-16 13:33:00,2024-06-17 02:33:00
R00504,O00504,3,2024-12-14 00:28:00,2024-12-14 04:28:00
R00505,O00505,4,2024-06-16 15:57:00,2024-06-18 23:57:00
R00506,O00506,1,2024-07-12 07:56:00,2024-07-15 05:56:00
R00507,O00507,2,2024-07-01 05:17:00,2024-07-01 10:17:00
R00508,O00508,4,2024-02-20 04:04:00,2024-02-20 13:04:00
R00509,O00509,2,2024-07-10 12:27:00,2024-07-12 10:27:00
R00510,O00510,4,2024-04-22 11:36:00,2024-04-23 05:36:00
R00511,O00511,3,2024-10-04 04:31:00,2024-10-04 16:31:00
R00512,O00512,5,2024-11-29 21:02:00,2024-12-02 07:02:00
R00513,O00513,5,2024-03-21 06:16:00,2024-03-24 06:16:00
R00514,O00514,4,2024-06-23 04:25:00,2024-06-24 04:25:00
R00515,O00515,5,2024-12-03 15:25:00,2024-12-06 15:25:00
R00516,O00516,1,2024-02-23 15:20:00,2024-02-24 10:20:00
R00517,O00517,4,2024-03-01 23:02:00,2024-03-02 01:02:00
R00518,O00518,4,2024-10-16 05:39:00,2024-10-16 20:39:00
R00519,O00519,5,2024-01-25 06:28:00,2024-01-28 02:28:00
R00520,O00520,1,2024-04-13 09:36:00,2024-04-15 02:36:00
R00521,O00521,5,2024-11-17 00:02:00,2024-11-18 04:02:00
R00522,O00522,3,2024-09-29 19:25:00,2024-10-02 09:25:00
R00523,O00523,4,2024-09-06 06:15:00,2024-09-07 05:15:00
R00524,O00524,4,2024-02-11 05:23:00,2024-02-12 00:23:00
R00525,O00525,5,2024-08-11 02:25:00,2024-08-11 11:25:00
R00526,O00526,4,2024-12-09 04:52:00,2024-12-10 02:52:00
R00527,O00527,4,2024-04-17 07:11:00,2024-04-19 06:11:00
R00528,O00528,5,2024-10-03 11:44:00,2024-10-05 16:44:00
R00529,O00529,2,2024-04-20 15:48:00,2024-04-20 21:48:00
R00530,O00530,5,2024-04-16 09:44:00,2024-04-16 13:44:00
R00531,O00531,3,2024-05-10 06:38:00,2024-05-12 09:38:00
R00532,O00532,4,2024-04-26 13:36:00,2024-04-27 06:36:00
R00533,O00533,4,2024-08-01 22:47:00,2024-08-02 19:47:00
R00534,O00534,4,2024-11-23 16:03:00,2024-11-26 08:03:00
R00535,O00535,5,2024-05-11 19:23:00,2024-05-11 23:23:00
R00536,O00536,4,2024-03-22 03:06:00,2024-03-22 22:06:00
R00537,O00537,5,2024-08-10 01:00:00,2024-08-12 01:00:00
R00538,O00538,4,2024-10-16 15:38:00,2024-10-19 03:38:00
R00539,O00539,5,2024-09-20 23:23:00,2024-09-22 14:23:00
R00540,O00540,5,2024-06-27 11:49:00,2024-06-29 03:49:00
R00541,O00541,5,2025-01-11 13:26:00,2025-01-14 07:26:00
R00542,O00542,4,2024-07-19 22:22:00,2024-07-22 11:22:00
R00543,O00543,4,2024-09-03 22:05:00,2024-09-05 18:05:00
R00544,O00544,5,2024-07-02 22:47:00,2024-07-04 07:47:00
R00545,O00545,5,2024-04-21 00:10:00,2024-04-22 13:10:00
R00546,O00546,5,2024-02-17 18:05:00,2024-02-19 11:05:00
R00547,O00547,5,2024-04-20 03:45:00,2024-04-21 10:45:00
R00548,O00548,5,2024-06-16 19:36:00,2024-06-18 11:36:00
R00549,O00549,3,2024-06-14 09:23:00,2024-06-17 04:23:00
R00550,O00550,5,2024-07-21 12:51:00,2024-07-22 22:51:00
R00551,O00551,5,2024-08-22 22:13:00,2024-08-23 16:13:00
R00552,O00552,5,2024-02-20 14:44:00,2024-02-21 15:44:00
R00553,O00553,5,2024-10-10 21:06:00,2024-10-13 19:06:00
R00554,O00554,5,2024-07-12 23:09:00,2024-07-15 11:09:00
R00555,O00555,5,2024-01-23 22:33:00,2024-01-24 14:33:00
R00556,O00556,5,2024-10-19 18:50:00,2024-10-21 02:50:00
R00557,O00557,3,2024-08-19 03:45:00,2024-08-20 03:45:00
R00558,O00558,5,2025-01-09 13:44:00,2025-01-11 13:44:00
R00559,O00559,4,2025-01-15 03:37:00,2025-01-16 14:37:00
R00560,O00560,5,2024-10-31 15:36:00,2024-11-03 12:36:00
R00561,O00561,4,2024-10-12 12:32:00,2024-10-12 22:32:00
R00562,O00562,4,2024-03-19 08:25:00,2024-03-22 07:25:00
R00563,O00563,5,2024-03-29 04:18:00,2024-03-29 13:18:00
R00564,O00564,3,2024-08-17 00:53:00,2024-08-19 16:53:00
R00565,O00565,4,2024-12-20 17:50:00,2024-12-23 11:50:00
R00566,O00566,5,2024-07-16 12:06:00,2024-07-17 23:06:00
R00567,O00567,2,2024-02-06 11:28:00,2024-02-09 02:28:00
R00568,O00568,5,2024-07-15 18:42:00,2024-07-18 02:42:00
R00569,O00569,4,2024-04-17 17:23:00,2024-04-18 11:23:00
R00570,O00570,3,2024-09-05 06:58:00,2024-09-05 13:58:00
R00571,O00571,1,2024-03-23 11:29:00,2024-03-24 23:29:00
R00572,O00572,2,2024-10-04 14:09:00,2024-10-05 07:09:00
R00573,O00573,5,2024-10-28 01:01:00,2024-10-29 04:01:00
R00574,O00574,1,2024-07-30 19:28:00,2024-07-30 21:28:00
R00575,O00575,2,2024-08-23 03:35:00,2024-08-24 16:35:00
R00576,O00576,4,2024-03-04 00:02:00,2024-03-05 05:02:00
R00577,O00577,5,2024-12-17 02:39:00,2024-12-20 01:39:00
R00578,O00578,4,2024-06-04 13:00:00,2024-06-05 09:00:00
R00579,O00579,1,2024-03-24 19:03:00,2024-03-26 00:03:00
R00580,O00580,3,2024-04-25 14:52:00,2024-04-26 17:52:00
R00581,O00581,5,2024-01-30 18:32:00,2024-01-31 15:32:00
R00582,O00582,2,2024-03-06 05:28:00,2024-03-08 20:28:00
R00583,O00583,3,2024-06-11 09:39:00,2024-06-13 14:39:00
R00584,O00584,3,2024-06-11 23:00:00,2024-06-12 21:00:00
R00585,O00585,5,2024-03-09 21:30:00,2024-03-11 09:30:00
R00586,O00586,2,2024-02-20 15:51:00,2024-02-22 07:51:00
R00587,O00587,4,2024-05-05 22:26:00,2024-05-08 08:26:00
R00588,O00588,3,2024-07-07 10:34:00,2024-07-07 21:34:00
R00589,O00589,4,2024-03-01 16:27:00,2024-03-04 01:27:00
R00590,O00590,3,2024-07-21 20:18:00,2024-07-23 21:18:00
R00591,O00591,1,2024-08-23 15:20:00,2024-08-24 18:20:00
R00592,O00592,5,2024-05-21 12:17:00,2024-05-23 20:17:00
R00593,O00593,5,2024-05-27 22:35:00,2024-05-29 16:35:00
R00594,O00594,1,2024-06-28 02:49:00,2024-06-30 11:49:00
R00595,O00595,5,2024-08-18 08:40:00,2024-08-19 03:40:00
R00596,O00596,5,2024-08-25 00:39:00,2024-08-25 22:39:00
R00597,O00597,5,2024-09-02 21:24:00,2024-09-04 01:24:00
R00598,O00598,4,2024-12-13 23:38:00,2024-12-15 11:38:00
R00599,O00599,4,2024-06-08 15:54:00,2024-06-09 21:54:00
R00600,O00600,4,2024-09-15 20:49:00,2024-09-16 00:49:00
R00601,O00601,5,2024-03-28 16:23:00,2024-03-29 01:23:00
R00602,O00602,4,2024-01-14 19:07:00,2024-01-16 21:07:00
R00603,O00603,5,2024-03-30 16:14:00,2024-04-01 17:14:00
R00604,O00604,1,2024-09-27 00:37:00,2024-09-29 10:37:00
R00605,O00605,5,2024-08-24 05:27:00,2024-08-26 13:27:00
R00606,O00606,4,2024-01-19 21:14:00,2024-01-21 08:14:00
R00607,O00607,4,2024-07-05 19:59:00,2024-07-08 09:59:00
R00608,O00608,3,2024-06-01 15:13:00,2024-06-04 10:13:00
R00609,O00609,5,2024-06-27 07:33:00,2024-06-27 12:33:00
R00610,O00610,5,2024-07-04 00:36:00,2024-07-04 07:36:00
R00611,O00611,5,2024-10-16 22:19:00,2024-10-17 19:19:00
R00612,O00612,2,2024-05-07 16:12:00,2024-05-09 01:12:00
R00613,O00613,2,2024-07-25 13:15:00,2024-07-27 23:15:00
R00614,O00614,3,2024-01-14 16:12:00,2024-01-17 00:12:00
R00615,O00615,4,2024-02-08 09:52:00,2024-02-09 15:52:00
R00616,O00616,4,2024-06-23 18:57:00,2024-06-26 13:57:00
R00617,O00617,2,2024-12-11 17:43:00,2024-12-12 00:43:00
R00618,O00618,5,2024-05-25 22:04:00,2024-05-27 11:04:00
R00619,O00619,5,2025-01-17 03:43:00,2025-01-18 01:43:00
R00620,O00620,3,2024-11-27 05:17:00,2024-11-27 15:17:00
R00621,O00621,2,2024-12-15 05:48:00,2024-12-16 16:48:00
R00622,O00622,5,2024-06-03 01:54:00,2024-06-05 22:54:00
R00623,O00623,3,2024-12-11 11:37:00,2024-12-14 10:37:00
R00624,O00624,5,2024-08-14 22:26:00,2024-08-15 18:26:00
R00625,O00625,5,2024-11-06 17:43:00,2024-11-08 01:43:00
R00626,O00626,5,2024-05-26 00:39:00,2024-05-26 22:39:00
R00627,O00627,5,2024-10-23 21:52:00,2024-10-26 14:52:00
R00628,O00628,4,2024-03-16 21:25:00,2024-03-19 00:25:00
R00629,O00629,3,2024-09-14 03:35:00,2024-09-16 16:35:00
R00630,O00630,3,2024-10-10 19:30:00,2024-10-12 02:30:00
R00631,O00631,5,2025-01-14 05:35:00,2025-01-15 17:35:00
R00632,O00632,4,2024-07-19 19:51:00,2024-07-20 18:51:00
R00633,O00633,5,2024-06-27 01:31:00,2024-06-27 22:31:00
R00634,O00634,5,2024-04-06 05:52:00,2024-04-06 14:52:00
R00635,O00635,5,2024-07-29 09:30:00,2024-07-29 10:30:00
R00636,O00636,4,2024-12-31 13:35:00,2025-01-02 16:35:00
R00637,O00637,5,2024-02-05 13:00:00,2024-02-08 09:00:00
R00638,O00638,4,2024-02-24 06:02:00,2024-02-26 10:02:00
R00639,O00639,5,2024-05-23 09:16:00,2024-05-24 07:16:00
R00640,O00640,4,2024-07-11 22:48:00,2024-07-12 15:48:00
R00641,O00641,5,2024-05-31 19:53:00,2024-06-01 05:53:00
R00642,O00642,5,2024-09-14 05:55:00,2024-09-15 20:55:00
R00643,O00643,2,2024-08-25 03:10:00,2024-08-27 04:10:00
R00644,O00644,4,2024-05-21 07:01:00,2024-05-21 11:01:00
R00645,O00645,4,2024-03-09 11:39:00,2024-03-09 14:39:00
R00646,O00646,3,2024-06-05 00:06:00,2024-06-07 10:06:00
R00647,O00647,5,2024-11-21 02:12:00,2024-11-22 17:12:00
R00648,O00648,4,2025-01-04 09:16:00,2025-01-04 12:16:00
R00649,O00649,5,2024-01-20 13:45:00,2024-01-21 22:45:00
R00650,O00650,4,2025-01-01 12:40:00,2025-01-04 00:40:00
R00651,O00651,4,2024-07-19 17:34:00,2024-07-22 05:34:00
R00652,O00652,3,2024-07-15 08:54:00,2024-07-16 16:54:00
R00653,O00653,5,2024-11-15 07:05:00,2024-11-16 21:05:00
R00654,O00654,4,2024-05-12 23:37:00,2024-05-15 11:37:00
R00655,O00655,5,2024-05-31 11:11:00,2024-05-31 21:11:00
R00656,O00656,5,2024-03-14 06:02:00,2024-03-17 00:02:00
R00657,O00657,5,2024-02-19 01:21:00,2024-02-21 15:21:00
R00658,O00658,2,2024-07-06 05:55:00,2024-07-07 06:55:00
R00659,O00659,4,2024-06-18 21:21:00,2024-06-18 23:21:00
R00660,O00660,5,2024-06-30 09:48:00,2024-07-03 09:48:00
R00661,O00661,4,2024-11-17 04:54:00,2024-11-19 22:54:00
R00662,O00662,3,2024-11-14 20:47:00,2024-11-15 00:47:00
R00663,O00663,4,2024-06-12 17:49:00,2024-06-15 04:49:00
R00664,O00664,4,2024-04-04 18:56:00,2024-04-06 07:56:00
R00665,O00665,4,2024-08-08 20:56:00,2024-08-11 05:56:00
R00666,O00666,5,2024-08-08 00:16:00,2024-08-10 18:16:00
R00667,O00667,1,2024-09-15 05:59:00,2024-09-16 01:59:00
R00668,O00668,5,2024-09-02 20:46:00,2024-09-04 15:46:00
R00669,O00669,5,2024-07-01 14:25:00,2024-07-03 01:25:00
R00670,O00670,3,2024-08-25 11:39:00,2024-08-25 23:39:00
R00671,O00671,5,2024-06-08 07:27:00,2024-06-10 10:27:00
R00672,O00672,3,2024-01-26 14:15:00,2024-01-28 05:15:00
R00673,O00673,1,2024-02-25 06:04:00,2024-02-26 07:04:00
R00674,O00674,4,2024-08-31 11:14:00,2024-09-02 17:14:00
R00675,O00675,5,2024-11-09 16:47:00,2024-11-11 23:47:00
R00676,O00676,5,2024-01-27 22:29:00,2024-01-29 01:29:00
R00677,O00677,1,2024-05-29 07:46:00,2024-05-30 04:46:00
R00678,O00678,5,2024-01-14 06:53:00,2024-01-16 20:53:00
R00679,O00679,5,2024-03-06 09:45:00,2024-03-08 21:45:00
R00680,O00680,5,2024-09-25 20:56:00,2024-09-28 12:56:00
R00681,O00681,2,2024-06-11 20:47:00,2024-06-13 16:47:00
R00682,O00682,5,2024-01-28 16:33:00,2024-01-31 05:33:00
R00683,O00683,5,2024-12-08 23:55:00,2024-12-11 23:55:00
R00684,O00684,5,2024-08-26 09:31:00,2024-08-28 03:31:00
R00685,O00685,5,2024-10-11 05:34:00,2024-10-12 13:34:00
R00686,O00686,3,2024-12-28 20:45:00,2024-12-31 04:45:00
R00687,O00687,4,2024-06-19 00:36:00,2024-06-21 18:36:00
R00688,O00688,4,2024-01-25 16:28:00,2024-01-25 23:28:00
R00689,O00689,5,2024-05-15 04:37:00,2024-05-16 13:37:00
R00690,O00690,2,2024-12-22 20:19:00,2024-12-25 20:19:00
R00691,O00691,3,2024-06-24 15:15:00,2024-06-25 23:15:00
R00692,O00692,4,2024-04-08 08:03:00,2024-04-08 21:03:00
R00693,O00693,5,2024-05-31 21:05:00,2024-06-03 02:05:00
R00694,O00694,5,2024-07-22 22:27:00,2024-07-24 17:27:00
R00695,O00695,4,2024-11-23 12:10:00,2024-11-24 09:10:00
R00696,O00696,5,2024-07-03 03:11:00,2024-07-04 20:11:00
R00697,O00697,5,2024-02-03 17:20:00,2024-02-06 01:20:00
R00698,O00698,4,2024-08-25 08:43:00,2024-08-26 04:43:00
R00699,O00699,4,2024-12-27 15:17:00,2024-12-29 10:17:00
R00700,O00700,5,2024-02-18 06:40:00,2024-02-19 22:40:00
R00701,O00701,3,2024-09-04 14:45:00,2024-09-06 17:45:00
R00702,O00702,5,2024-07-27 11:44:00,2024-07-29 19:44:00
R00703,O00703,5,2024-06-07 00:21:00,2024-06-08 08:21:00
R00704,O00704,5,2024-07-29 07:53:00,2024-07-31 03:53:00
R00705,O00705,3,2024-08-14 19:03:00,2024-08-16 20:03:00
R00706,O00706,5,2024-08-15 03:29:00,2024-08-15 14:29:00
R00707,O00707,2,2024-09-01 05:05:00,2024-09-02 01:05:00
R00708,O00708,5,2024-03-06 21:33:00,2024-03-07 09:33:00
R00709,O00709,5,2024-02-13 11:43:00,2024-02-13 18:43:00
R00710,O00710,1,2024-09-19 11:26:00,2024-09-19 16:26:00
R00711,O00711,3,2024-04-07 04:44:00,2024-04-09 02:44:00
R00712,O00712,5,2024-09-19 11:55:00,2024-09-19 17:55:00
R00713,O00713,3,2024-07-29 12:42:00,2024-07-31 07:42:00
R00714,O00714,2,2024-11-05 20:50:00,2024-11-06 02:50:00
R00715,O00715,5,2024-01-21 15:47:00,2024-01-22 13:47:00
R00716,O00716,5,2024-11-27 06:20:00,2024-11-27 20:20:00
R00717,O00717,4,2024-10-26 07:39:00,2024-10-29 03:39:00
R00718,O00718,2,2024-09-12 17:10:00,2024-09-13 11:10:00
R00719,O00719,2,2024-09-20 00:28:00,2024-09-20 21:28:00
R00720,O00720,5,2025-01-07 15:06:00,2025-01-10 07:06:00
R00721,O00721,5,2024-01-19 17:36:00,2024-01-19 22:36:00
R00722,O00722,4,2024-05-13 14:38:00,2024-05-14 11:38:00
R00723,O00723,5,2024-11-03 01:18:00,2024-11-04 23:18:00
R00724,O00724,5,2024-03-19 15:46:00,2024-03-21 05:46:00
R00725,O00725,5,2024-06-11 07:38:00,2024-06-13 13:38:00
R00726,O00726,5,2024-08-23 09:29:00,2024-08-25 01:29:00
R00727,O00727,5,2024-09-06 12:17:00,2024-09-07 19:17:00
R00728,O00728,4,2024-07-04 21:48:00,2024-07-05 02:48:00
R00729,O00729,2,2024-10-01 08:35:00,2024-10-02 03:35:00
R00730,O00730,2,2024-12-25 18:42:00,2024-12-26 11:42:00
R00731,O00731,3,2024-10-15 06:36:00,2024-10-16 19:36:00
R00732,O00732,5,2024-03-18 00:38:00,2024-03-19 07:38:00
R00733,O00733,5,2024-08-22 21:34:00,2024-08-25 02:34:00
R00734,O00734,3,2024-12-21 14:46:00,2024-12-22 17:46:00
R00735,O00735,5,2024-11-16 13:16:00,2024-11-18 12:16:00
R00736,O00736,3,2024-10-20 02:36:00,2024-10-21 23:36:00
R00737,O00737,2,2024-07-01 18:18:00,2024-07-03 03:18:00
R00738,O00738,4,2024-04-27 14:43:00,2024-04-30 02:43:00
R00739,O00739,5,2024-05-01 19:13:00,2024-05-03 13:13:00
R00740,O00740,4,2024-04-23 16:13:00,2024-04-25 23:13:00
R00741,O00741,5,2024-11-16 18:27:00,2024-11-16 19:27:00
R00742,O00742,5,2024-01-16 17:25:00,2024-01-18 02:25:00
R00743,O00743,4,2024-08-04 14:08:00,2024-08-06 09:08:00
R00744,O00744,3,2024-12-25 23:25:00,2024-12-27 06:25:00
R00745,O00745,4,2024-06-01 12:27:00,2024-06-03 00:27:00
R00746,O00746,5,2025-01-02 16:28:00,2025-01-04 22:28:00
R00747,O00747,1,2024-09-20 00:20:00,2024-09-21 23:20:00
R00748,O00748,5,2024-02-08 05:02:00,2024-02-10 01:02:00
R00749,O00749,1,2024-03-13 14:28:00,2024-03-16 07:28:00
R00750,O00750,3,2024-06-22 01:23:00,2024-06-23 20:23:00
R00751,O00751,5,2024-08-02 23:30:00,2024-08-05 19:30:00
R00752,O00752,4,2024-04-03 21:20:00,2024-04-06 05:20:00
R00753,O00753,5,2024-05-30 09:29:00,2024-06-01 20:29:00
R00754,O00754,5,2024-04-08 15:33:00,2024-04-11 12:33:00
R00755,O00755,5,2024-04-06 19:45:00,2024-04-07 01:45:00
R00756,O00756,4,2025-01-05 19:46:00,2025-01-08 00:46:00
R00757,O00757,5,2024-01-08 16:48:00,2024-01-11 05:48:00
R00758,O00758,5,2024-03-09 13:12:00,2024-03-12 01:12:00
R00759,O00759,5,2024-07-03 13:11:00,2024-07-05 06:11:00
R00760,O00760,5,2024-08-04 21:34:00,2024-08-07 07:34:00
R00761,O00761,4,2024-09-22 08:11:00,2024-09-23 14:11:00
R00762,O00762,5,2024-10-27 03:27:00,2024-10-29 06:27:00
R00763,O00763,4,2024-02-15 18:03:00,2024-02-16 00:03:00
R00764,O00764,3,2025-01-01 07:09:00,2025-01-02 14:09:00
R00765,O00765,4,2024-04-22 16:24:00,2024-04-22 23:24:00
R00766,O00766,5,2024-03-25 22:12:00,2024-03-28 19:12:00
R00767,O00767,5,2024-02-26 08:39:00,2024-02-26 11:39:00
R00768,O00768,4,2024-06-16 09:50:00,2024-06-16 16:50:00
R00769,O00769,4,2024-09-17 17:30:00,2024-09-20 14:30:00
R00770,O00770,5,2024-06-24 03:18:00,2024-06-24 18:18:00
R00771,O00771,5,2024-05-14 06:26:00,2024-05-17 06:26:00
R00772,O00772,5,2024-09-25 05:48:00,2024-09-28 03:48:00
R00773,O00773,5,2024-11-06 15:59:00,2024-11-08 22:59:00
R00774,O00774,2,2024-10-06 11:32:00,2024-10-09 01:32:00
R00775,O00775,1,2024-03-03 06:17:00,2024-03-04 16:17:00
R00776,O00776,3,2024-09-06 14:58:00,2024-09-07 23:58:00
R00777,O00777,4,2024-08-27 15:15:00,2024-08-28 18:15:00
R00778,O00778,5,2024-09-23 08:46:00,2024-09-23 21:46:00
R00779,O00779,5,2024-11-22 19:36:00,2024-11-24 11:36:00
R00780,O00780,5,2024-04-28 12:13:00,2024-04-28 22:13:00
R00781,O00781,5,2024-09-19 03:25:00,2024-09-19 04:25:00
R00782,O00782,5,2024-11-05 07:34:00,2024-11-06 18:34:00
R00783,O00783,5,2024-08-02 21:36:00,2024-08-05 07:36:00
R00784,O00784,4,2024-09-04 20:59:00,2024-09-07 14:59:00
R00785,O00785,3,2024-12-19 08:40:00,2024-12-19 19:40:00
R00786,O00786,4,2024-03-13 16:56:00,2024-03-15 14:56:00
R00787,O00787,3,2024-03-26 15:55:00,2024-03-29 13:55:00
R00788,O00788,5,2024-04-17 12:05:00,2024-04-18 00:05:00
R00789,O00789,5,2024-07-20 16:53:00,2024-07-21 11:53:00
R00790,O00790,4,2024-09-19 08:20:00,2024-09-21 22:20:00
R00791,O00791,5,2024-08-29 01:56:00,2024-08-29 05:56:00
R00792,O00792,4,2024-11-06 06:25:00,2024-11-08 14:25:00
R00793,O00793,2,2024-11-18 22:47:00,2024-11-20 02:47:00
R00794,O00794,3,2024-04-27 09:43:00,2024-04-27 18:43:00
R00795,O00795,5,2024-12-15 06:34:00,2024-12-17 22:34:00
R00796,O00796,5,2024-10-31 18:07:00,2024-11-02 20:07:00
R00797,O00797,4,2024-12-16 12:00:00,2024-12-17 14:00:00
R00798,O00798,5,2024-12-18 01:11:00,2024-12-20 11:11:00
R00799,O00799,3,2024-11-19 04:33:00,2024-11-19 07:33:00
R00800,O00800,5,2024-09-21 22:23:00,2024-09-23 18:23:00
R00801,O00801,4,2024-06-19 05:37:00,2024-06-20 22:37:00
R00802,O00802,5,2024-12-07 23:09:00,2024-12-08 17:09:00
R00803,O00803,5,2024-02-07 10:06:00,2024-02-08 04:06:00
R00804,O00804,4,2024-09-18 02:45:00,2024-09-18 18:45:00
R00805,O00805,5,2024-04-21 00:10:00,2024-04-22 17:10:00
R00806,O00806,4,2024-03-09 22:04:00,2024-03-11 12:04:00
R00807,O00807,1,2024-03-29 12:08:00,2024-03-29 20:08:00
R00808,O00808,5,2024-05-21 13:20:00,2024-05-22 23:20:00
R00809,O00809,5,2024-10-20 01:41:00,2024-10-21 13:41:00
R00810,O00810,4,2024-06-04 23:35:00,2024-06-05 09:35:00
R00811,O00811,5,2024-07-18 12:58:00,2024-07-18 22:58:00
R00812,O00812,4,2024-12-09 03:33:00,2024-12-11 08:33:00
R00813,O00813,1,2024-10-13 18:31:00,2024-10-15 12:31:00
R00814,O00814,3,2024-12-12 06:40:00,2024-12-13 00:40:00
R00815,O00815,5,2024-03-17 09:47:00,2024-03-19 08:47:00
R00816,O00816,2,2024-02-16 14:48:00,2024-02-18 09:48:00
R00817,O00817,4,2024-09-26 17:49:00,2024-09-27 17:49:00
R00818,O00818,5,2024-02-29 09:51:00,2024-03-01 15:51:00
R00819,O00819,1,2024-08-06 22:13:00,2024-08-09 21:13:00
R00820,O00820,5,2024-05-12 18:29:00,2024-05-15 17:29:00
R00821,O00821,5,2024-09-05 01:31:00,2024-09-08 00:31:00
R00822,O00822,5,2024-02-20 11:12:00,2024-02-22 15:12:00
R00823,O00823,5,2024-09-02 11:53:00,2024-09-04 03:53:00
R00824,O00824,5,2024-05-08 15:35:00,2024-05-09 03:35:00
R00825,O00825,5,2024-09-18 04:01:00,2024-09-18 11:01:00
R00826,O00826,3,2024-06-07 00:01:00,2024-06-07 01:01:00
R00827,O00827,2,2024-07-21 03:44:00,2024-07-21 09:44:00
R00828,O00828,4,2024-12-17 13:20:00,2024-12-19 17:20:00
R00829,O00829,5,2024-04-17 09:48:00,2024-04-18 06:48:00
R00830,O00830,5,2024-01-20 01:55:00,2024-01-20 12:55:00
R00831,O00831,4,2025-01-04 15:17:00,2025-01-05 05:17:00
R00832,O00832,5,2024-07-07 18:46:00,2024-07-10 07:46:00
R00833,O00833,3,2024-10-16 03:13:00,2024-10-17 01:13:00
R00834,O00834,5,2024-07-25 19:49:00,2024-07-28 00:49:00
R00835,O00835,1,2024-12-30 14:30:00,2024-12-31 15:30:00
R00836,O00836,4,2024-07-25 01:29:00,2024-07-25 09:29:00
R00837,O00837,4,2024-06-20 02:01:00,2024-06-21 03:01:00
R00838,O00838,5,2024-04-16 02:22:00,2024-04-17 23:22:00
R00839,O00839,3,2024-06-26 16:33:00,2024-06-28 05:33:00
R00840,O00840,4,2024-03-09 01:45:00,2024-03-11 07:45:00
R00841,O00841,4,2024-05-21 14:46:00,2024-05-21 15:46:00
R00842,O00842,5,2024-03-08 07:07:00,2024-03-09 08:07:00
R00843,O00843,5,2024-10-12 22:08:00,2024-10-13 22:08:00
R00844,O00844,5,2024-01-13 05:16:00,2024-01-14 13:16:00
R00845,O00845,3,2024-04-07 10:34:00,2024-04-08 16:34:00
R00846,O00846,5,2024-06-24 00:08:00,2024-06-24 10:08:00
R00847,O00847,5,2024-11-21 12:53:00,2024-11-22 16:53:00
R00848,O00848,4,2024-01-30 18:16:00,2024-01-30 19:16:00
R00849,O00849,5,2024-11-29 23:02:00,2024-11-30 01:02:00
R00850,O00850,4,2024-01-16 03:42:00,2024-01-17 06:42:00
R00851,O00851,4,2024-05-21 23:59:00,2024-05-22 15:59:00
R00852,O00852,5,2024-09-04 09:12:00,2024-09-06 14:12:00
R00853,O00853,4,2024-01-25 23:13:00,2024-01-28 08:13:00
R00854,O00854,5,2024-12-20 11:55:00,2024-12-21 14:55:00
R00855,O00855,4,2024-02-26 21:27:00,2024-02-28 05:27:00
R00856,O00856,4,2024-02-16 22:21:00,2024-02-19 06:21:00
R00857,O00857,1,2024-03-23 18:27:00,2024-03-26 02:27:00
R00858,O00858,4,2024-08-11 22:21:00,2024-08-12 06:21:00
R00859,O00859,5,2024-11-10 01:50:00,2024-11-11 04:50:00
R00860,O00860,4,2024-03-27 04:10:00,2024-03-27 23:10:00
R00861,O00861,4,2024-10-18 06:22:00,2024-10-20 13:22:00
R00862,O00862,5,2024-09-25 00:06:00,2024-09-27 20:06:00
R00863,O00863,2,2024-03-06 07:38:00,2024-03-08 04:38:00
R00864,O00864,4,2024-05-12 18:27:00,2024-05-15 04:27:00
R00865,O00865,3,2024-08-14 03:27:00,2024-08-16 17:27:00
R00866,O00866,5,2024-09-08 14:59:00,2024-09-09 11:59:00
R00867,O00867,4,2024-03-15 23:33:00,2024-03-16 17:33:00
R00868,O00868,1,2024-12-27 22:17:00,2024-12-30 13:17:00
R00869,O00869,4,2024-04-25 00:21:00,2024-04-25 15:21:00
R00870,O00870,4,2024-11-30 06:49:00,2024-12-03 01:49:00
R00871,O00871,4,2024-02-25 14:54:00,2024-02-27 01:54:00
R00872,O00872,5,2024-03-15 08:34:00,2024-03-17 12:34:00
R00873,O00873,1,2024-12-10 19:10:00,2024-12-12 02:10:00
R00874,O00874,5,2024-02-08 13:28:00,2024-02-09 21:28:00
R00875,O00875,5,2024-10-28 14:33:00,2024-10-31 06:33:00
R00876,O00876,5,2024-09-18 00:13:00,2024-09-18 20:13:00
R00877,O00877,5,2024-01-23 16:10:00,2024-01-26 15:10:00
R00878,O00878,4,2024-05-07 16:17:00,2024-05-07 17:17:00
R00879,O00879,4,2024-12-30 16:53:00,2024-12-31 06:53:00
R00880,O00880,5,2024-09-27 17:15:00,2024-09-29 02:15:00
R00881,O00881,5,2024-07-11 01:26:00,2024-07-12 03:26:00
R00882,O00882,5,2024-08-10 15:08:00,2024-08-11 04:08:00
R00883,O00883,4,2024-11-09 22:04:00,2024-11-11 06:04:00
R00884,O00884,4,2024-05-21 21:06:00,2024-05-23 19:06:00
R00885,O00885,4,2024-03-08 02:01:00,2024-03-10 23:01:00
R00886,O00886,4,2024-08-13 19:30:00,2024-08-16 03:30:00
R00887,O00887,5,2024-01-19 12:29:00,2024-01-19 22:29:00
R00888,O00888,2,2024-02-06 22:59:00,2024-02-08 04:59:00
R00889,O00889,4,2024-03-24 11:24:00,2024-03-25 14:24:00
R00890,O00890,4,2024-08-10 05:08:00,2024-08-10 19:08:00
R00891,O00891,5,2025-01-18 11:34:00,2025-01-19 05:34:00
R00892,O00892,3,2024-06-13 04:47:00,2024-06-14 08:47:00
R00893,O00893,4,2024-01-20 05:06:00,2024-01-21 14:06:00
R00894,O00894,1,2024-07-23 15:13:00,2024-07-24 07:13:00
R00895,O00895,5,2024-11-26 11:01:00,2024-11-27 14:01:00
R00896,O00896,2,2024-01-19 09:08:00,2024-01-20 01:08:00
R00897,O00897,2,2024-01-16 22:55:00,2024-01-19 19:55:00
R00898,O00898,5,2024-05-02 05:11:00,2024-05-02 11:11:00
R00899,O00899,4,2024-09-07 14:32:00,2024-09-10 12:32:00
R00900,O00900,3,2025-01-02 18:02:00,2025-01-05 09:02:00
R00901,O00901,5,2024-09-06 15:23:00,2024-09-08 20:23:00
R00902,O00902,5,2024-10-08 12:34:00,2024-10-09 00:34:00
R00903,O00903,4,2024-11-01 00:34:00,2024-11-02 12:34:00
R00904,O00904,1,2024-08-30 07:24:00,2024-09-01 05:24:00
R00905,O00905,5,2024-01-25 01:32:00,2024-01-25 05:32:00
R00906,O00906,5,2024-07-15 20:30:00,2024-07-17 08:30:00
R00907,O00907,3,2024-05-08 05:52:00,2024-05-09 11:52:00
R00908,O00908,5,2024-02-07 15:02:00,2024-02-08 17:02:00
R00909,O00909,5,2024-07-31 22:35:00,2024-08-01 15:35:00
R00910,O00910,4,2024-02-14 14:21:00,2024-02-17 00:21:00
R00911,O00911,3,2024-10-08 02:38:00,2024-10-08 07:38:00
R00912,O00912,2,2024-08-29 15:56:00,2024-08-31 14:56:00
R00913,O00913,5,2024-04-09 00:23:00,2024-04-11 08:23:00
R00914,O00914,3,2024-05-12 06:43:00,2024-05-13 03:43:00
R00915,O00915,4,2024-10-31 13:24:00,2024-11-01 11:24:00
R00916,O00916,4,2024-02-04 08:35:00,2024-02-06 14:35:00
R00917,O00917,2,2024-06-03 12:11:00,2024-06-04 16:11:00
R00918,O00918,2,2024-01-31 23:07:00,2024-02-01 13:07:00
R00919,O00919,4,2024-08-09 23:25:00,2024-08-11 10:25:00
R00920,O00920,5,2024-02-09 08:51:00,2024-02-11 18:51:00
R00921,O00921,3,2024-03-19 15:55:00,2024-03-22 01:55:00
R00922,O00922,4,2024-03-26 02:31:00,2024-03-27 14:31:00
R00923,O00923,4,2024-08-31 15:46:00,2024-08-31 18:46:00
R00924,O00924,3,2024-05-02 10:07:00,2024-05-04 11:07:00
R00925,O00925,5,2024-06-13 06:59:00,2024-06-13 18:59:00
R00926,O00926,5,2024-04-28 21:13:00,2024-04-29 14:13:00
R00927,O00927,5,2024-08-27 19:00:00,2024-08-30 16:00:00
R00928,O00928,5,2024-04-28 14:25:00,2024-05-01 14:25:00
R00929,O00929,4,2024-02-12 09:37:00,2024-02-12 16:37:00
R00930,O00930,4,2024-05-02 05:34:00,2024-05-02 22:34:00
R00931,O00931,4,2024-09-26 15:31:00,2024-09-29 09:31:00
R00932,O00932,5,2024-08-30 04:54:00,2024-08-31 11:54:00
R00933,O00933,5,2024-03-30 12:34:00,2024-04-01 08:34:00
R00934,O00934,5,2024-02-18 23:14:00,2024-02-20 09:14:00
R00935,O00935,4,2024-04-19 03:05:00,2024-04-20 02:05:00
R00936,O00936,1,2024-01-26 21:09:00,2024-01-28 00:09:00
R00937,O00937,3,2024-07-10 10:36:00,2024-07-10 22:36:00
R00938,O00938,4,2024-10-27 21:31:00,2024-10-28 07:31:00
R00939,O00939,4,2024-11-22 21:00:00,2024-11-24 15:00:00
R00940,O00940,4,2024-08-26 08:49:00,2024-08-28 04:49:00
R00941,O00941,1,2024-11-15 00:20:00,2024-11-15 04:20:00
R00942,O00942,5,2025-01-04 15:10:00,2025-01-04 19:10:00
R00943,O00943,2,2024-08-26 14:26:00,2024-08-27 01:26:00
R00944,O00944,2,2024-10-26 13:13:00,2024-10-29 03:13:00
R00945,O00945,5,2024-06-06 01:39:00,2024-06-08 10:39:00
R00946,O00946,5,2024-10-19 12:31:00,2024-10-19 20:31:00
R00947,O00947,5,2024-07-21 07:57:00,2024-07-22 03:57:00
R00948,O00948,5,2024-03-25 22:01:00,2024-03-27 23:01:00
R00949,O00949,5,2024-05-05 15:39:00,2024-05-07 05:39:00
R00950,O00950,4,2024-01-11 08:45:00,2024-01-14 06:45:00
R00951,O00951,5,2025-01-04 05:33:00,2025-01-05 18:33:00
R00952,O00952,4,2024-12-03 00:01:00,2024-12-03 20:01:00
R00953,O00953,3,2024-11-27 06:14:00,2024-11-29 23:14:00
R00954,O00954,5,2024-12-21 04:52:00,2024-12-22 21:52:00
R00955,O00955,4,2024-04-10 13:56:00,2024-04-13 06:56:00
R00956,O00956,4,2024-06-05 16:44:00,2024-06-05 22:44:00
R00957,O00957,5,2024-11-11 09:12:00,2024-11-12 19:12:00
R00958,O00958,5,2024-06-02 05:17:00,2024-06-04 02:17:00
R00959,O00959,5,2024-09-10 06:20:00,2024-09-12 05:20:00
R00960,O00960,5,2024-09-12 00:13:00,2024-09-14 20:13:00
R00961,O00961,3,2024-02-17 08:23:00,2024-02-18 00:23:00
R00962,O00962,3,2024-02-18 03:50:00,2024-02-19 14:50:00
R00963,O00963,4,2024-08-31 18:27:00,2024-09-02 18:27:00
R00964,O00964,5,2024-02-21 02:09:00,2024-02-22 18:09:00
R00965,O00965,5,2024-08-27 13:57:00,2024-08-27 19:57:00
R00966,O00966,5,2024-01-12 19:28:00,2024-01-15 08:28:00
R00967,O00967,2,2024-11-28 14:50:00,2024-11-29 21:50:00
R00968,O00968,4,2024-08-26 00:27:00,2024-08-27 22:27:00
R00969,O00969,5,2024-03-20 01:05:00,2024-03-22 21:05:00
R00970,O00970,3,2024-01-11 19:46:00,2024-01-12 03:46:00
R00971,O00971,4,2024-12-06 20:52:00,2024-12-07 12:52:00
R00972,O00972,5,2024-05-26 04:20:00,2024-05-29 00:20:00
R00973,O00973,3,2024-05-02 07:39:00,2024-05-03 17:39:00
R00974,O00974,5,2024-04-16 05:00:00,2024-04-17 04:00:00
R00975,O00975,5,2024-03-22 15:18:00,2024-03-25 07:18:00
R00976,O00976,5,2024-07-24 22:06:00,2024-07-27 17:06:00
R00977,O00977,3,2024-12-11 04:46:00,2024-12-14 00:46:00
R00978,O00978,5,2024-08-07 23:38:00,2024-08-09 10:38:00
R00979,O00979,4,2024-02-02 17:13:00,2024-02-03 12:13:00
R00980,O00980,5,2024-07-05 10:29:00,2024-07-06 08:29:00
R00981,O00981,5,2024-11-09 04:29:00,2024-11-11 09:29:00
R00982,O00982,4,2024-05-17 09:51:00,2024-05-18 17:51:00
R00983,O00983,5,2024-11-30 14:03:00,2024-12-02 14:03:00
R00984,O00984,5,2024-05-15 14:21:00,2024-05-16 18:21:00
R00985,O00985,2,2024-12-02 23:04:00,2024-12-03 10:04:00
R00986,O00986,4,2024-10-07 21:20:00,2024-10-09 23:20:00
R00987,O00987,4,2024-08-16 02:12:00,2024-08-16 23:12:00
R00988,O00988,4,2024-08-28 21:39:00,2024-08-30 11:39:00
R00989,O00989,5,2024-01-26 16:11:00,2024-01-27 16:11:00
R00990,O00990,4,2024-05-04 08:32:00,2024-05-06 08:32:00
R00991,O00991,4,2024-05-29 05:12:00,2024-05-30 19:12:00
R00992,O00992,3,2024-02-21 09:35:00,2024-02-21 20:35:00
R00993,O00993,4,2024-01-15 14:45:00,2024-01-17 19:45:00
R00994,O00994,5,2024-04-13 21:47:00,2024-04-16 15:47:00
R00995,O00995,5,2024-05-26 19:04:00,2024-05-28 00:04:00
R00996,O00996,5,2024-12-01 18:50:00,2024-12-03 01:50:00
R00997,O00997,5,2024-02-17 11:26:00,2024-02-18 23:26:00
R00998,O00998,4,2024-10-28 20:27:00,2024-10-31 08:27:00
R00999,O00999,5,2024-05-24 02:44:00,2024-05-25 22:44:00
