product_id,product_category_name,product_name_length,product_description_length,product_photos_qty,product_weight_g,product_length_cm,product_height_cm,product_width_cm
P00000,home_furniture,63,436,5,1441,77,33,77
P00001,bed_bath_table,24,338,1,1111,80,37,35
P00002,sports_leisure,30,217,5,7339,24,48,36
P00003,fashion,25,311,4,1011,68,13,75
P00004,watches_gifts,49,338,1,9255,69,48,49
P00005,electronics,45,180,1,3670,19,7,64
P00006,bed_bath_table,64,82,5,1087,18,35,14
P00007,computers,46,142,2,10610,63,28,58
P00008,fashion,75,243,4,1414,79,13,54
P00009,health_beauty,31,325,4,8764,26,51,38
P00010,electronics,68,61,3,7685,79,32,78
P00011,watches_gifts,72,167,2,7646,54,14,45
P00012,home_furniture,79,498,1,627,63,44,12
P00013,home_furniture,33,84,1,9831,14,33,16
P00014,home_furniture,67,72,4,7291,39,39,37
P00015,electronics,28,307,3,3936,50,41,51
P00016,home_furniture,39,498,2,10916,76,19,62
P00017,computers,37,81,5,9793,32,45,64
P00018,fashion,23,226,4,8692,50,49,63
P00019,watches_gifts,29,203,4,3112,78,35,40
P00020,home_furniture,39,489,2,7686,17,40,62
P00021,watches_gifts,55,321,2,6463,41,21,36
P00022,bed_bath_table,61,90,4,6179,21,39,34
P00023,electronics,37,243,5,9978,15,60,19
P00024,home_furniture,71,439,5,11967,37,35,36
P00025,bed_bath_table,39,57,2,3213,25,52,71
P00026,home_furniture,64,359,2,6598,40,40,51
P00027,computers,44,288,5,10728,55,24,43
P00028,bed_bath_table,52,304,4,1715,70,53,50
P00029,home_furniture,43,210,4,849,38,52,28
P00030,electronics,36,333,5,9588,63,23,29
P00031,home_furniture,41,167,4,9435,41,36,80
P00032,bed_bath_table,36,440,4,11954,72,34,31
P00033,bed_bath_table,30,121,5,8100,33,39,17
P00034,electronics,73,483,1,11048,16,53,10
P00035,watches_gifts,28,481,2,1213,29,5,37
P00036,fashion,43,80,5,10548,71,47,72
P00037,electronics,20,322,5,6839,11,6,77
P00038,computers,54,196,1,8328,65,56,32
P00039,health_beauty,78,99,5,2539,40,17,77
P00040,computers,72,231,3,6602,20,28,61
P00041,fashion,56,174,2,5014,20,46,14
P00042,health_beauty,45,244,4,9155,70,8,11
P00043,sports_leisure,25,305,4,10666,52,41,22
P00044,electronics,34,158,5,7890,44,7,19
P00045,computers,77,328,5,10882,14,16,50
P00046,electronics,33,350,2,11777,60,9,48
P00047,sports_leisure,56,173,5,6475,79,26,59
P00048,sports_leisure,70,402,1,8304,54,8,22
P00049,watches_gifts,34,479,1,5680,60,54,51
P00050,electronics,60,189,4,8138,39,27,80
P00051,watches_gifts,47,145,5,10924,58,10,47
P00052,home_furniture,65,87,1,4490,29,29,29
P00053,watches_gifts,40,234,1,1599,10,24,66
P00054,bed_bath_table,68,188,1,2270,21,16,65
P00055,fashion,55,334,5,6785,23,6,21
P00056,bed_bath_table,55,97,5,9898,51,60,59
P00057,electronics,38,261,4,1487,41,41,76
P00058,sports_leisure,63,244,2,2374,44,24,44
P00059,fashion,29,82,2,7221,45,31,48
P00060,fashion,70,89,3,4223,41,51,73
P00061,home_furniture,49,104,2,5091,10,30,52
P00062,watches_gifts,71,491,3,7312,52,32,27
P00063,computers,40,358,2,7948,50,16,60
P00064,bed_bath_table,38,426,4,9535,41,25,58
P00065,computers,72,452,4,6080,24,41,35
P00066,sports_leisure,63,443,5,540,69,50,36
P00067,fashion,71,199,1,6803,73,13,48
P00068,home_furniture,36,387,2,11818,64,55,58
P00069,health_beauty,48,356,4,9639,61,39,74
P00070,watches_gifts,54,68,3,11595,78,43,20
P00071,health_beauty,69,177,3,2825,15,41,61
P00072,bed_bath_table,70,270,1,272,22,21,38
P00073,home_furniture,48,241,4,7686,74,14,54
P00074,electronics,50,103,3,6915,20,12,28
P00075,bed_bath_table,39,225,4,3489,76,35,54
P00076,fashion,26,274,4,5325,18,24,15
P00077,health_beauty,21,484,3,10716,23,48,31
P00078,home_furniture,53,139,5,2723,52,40,64
P00079,fashion,34,458,4,10417,33,16,65
P00080,watches_gifts,21,427,5,3332,67,42,64
P00081,watches_gifts,20,410,2,3471,45,53,18
P00082,health_beauty,71,496,5,3163,56,25,35
P00083,fashion,27,184,4,8746,50,43,59
P00084,watches_gifts,57,108,3,5866,68,44,32
P00085,computers,78,364,5,1488,27,25,25
P00086,home_furniture,39,109,2,6216,28,37,59
P00087,watches_gifts,58,120,5,6386,64,16,72
P00088,sports_leisure,55,135,4,4832,27,16,50
P00089,fashion,59,77,3,257,72,13,34
P00090,watches_gifts,55,308,4,6803,72,31,66
P00091,fashion,30,92,5,605,38,23,14
P00092,computers,34,325,3,2855,68,41,73
P00093,health_beauty,56,108,3,8998,56,39,15
P00094,fashion,54,161,4,1777,41,24,14
P00095,fashion,36,228,1,7293,25,54,40
P00096,home_furniture,71,427,5,11390,54,60,64
P00097,sports_leisure,59,121,2,3490,17,41,54
P00098,computers,58,325,2,5402,47,23,44
P00099,health_beauty,28,434,4,1071,45,60,26
P00100,sports_leisure,35,124,3,4155,60,36,28
P00101,computers,60,262,4,7505,19,45,21
P00102,watches_gifts,52,433,3,11482,57,34,72
P00103,bed_bath_table,57,51,1,7611,55,59,18
P00104,watches_gifts,33,269,2,8205,44,25,46
P00105,bed_bath_table,55,345,2,9375,72,55,53
P00106,electronics,22,100,4,366,25,59,30
P00107,fashion,49,50,4,3414,26,46,48
P00108,sports_leisure,75,498,3,1629,56,21,20
P00109,bed_bath_table,62,382,2,948,60,45,49
P00110,home_furniture,47,385,1,11629,22,5,37
P00111,fashion,24,117,5,3805,76,48,66
P00112,electronics,20,406,3,2075,64,49,26
P00113,fashion,24,167,4,1563,23,11,50
P00114,bed_bath_table,76,203,2,6370,27,46,28
P00115,health_beauty,53,338,1,10099,31,33,54
P00116,home_furniture,60,433,2,6845,66,60,37
P00117,health_beauty,77,101,2,2117,59,27,64
P00118,bed_bath_table,70,121,2,4637,20,20,80
P00119,computers,69,403,1,10887,48,18,76
P00120,home_furniture,67,250,3,10686,16,55,40
P00121,fashion,44,107,2,8285,19,38,11
P00122,bed_bath_table,79,212,2,6437,63,28,79
P00123,sports_leisure,68,291,1,373,18,5,43
P00124,home_furniture,22,80,4,8400,46,45,74
P00125,watches_gifts,47,409,4,1450,78,39,29
P00126,computers,25,208,1,8477,36,56,29
P00127,bed_bath_table,45,350,1,5181,65,51,40
P00128,electronics,35,94,4,2000,68,44,17
P00129,computers,62,429,2,2056,11,50,27
P00130,electronics,30,304,3,8668,76,55,43
P00131,sports_leisure,43,114,3,2034,13,26,64
P00132,computers,53,82,3,11770,19,36,68
P00133,bed_bath_table,23,305,5,2834,57,15,42
P00134,health_beauty,77,343,1,3842,75,5,15
P00135,electronics,35,73,4,6063,59,14,32
P00136,electronics,55,461,4,3778,51,20,63
P00137,bed_bath_table,37,472,1,9464,57,12,74
P00138,electronics,31,164,5,852,61,9,69
P00139,computers,69,482,3,5462,21,40,68
P00140,electronics,43,152,3,9337,48,52,41
P00141,fashion,43,352,4,3301,79,53,41
P00142,sports_leisure,20,259,1,3917,79,27,11
P00143,bed_bath_table,20,438,4,5138,23,18,77
P00144,home_furniture,46,301,1,2432,45,10,15
P00145,home_furniture,77,482,5,6867,57,34,20
P00146,health_beauty,52,118,4,1326,17,32,26
P00147,home_furniture,38,183,3,6538,51,25,67
P00148,computers,34,88,2,2330,23,14,23
P00149,sports_leisure,48,288,3,6760,25,39,55
